timestamp,P-TPT,T-TPT,P-MON-CKP,T-JUS-CKP,class
2017-10-31 19:30:25,13359720.0,106.8783,5757488.0,72.78588,0.0
2017-10-31 19:30:26,13360870.0,106.8603,5757488.0,72.7855,0.0
2017-10-31 19:30:27,13362020.0,106.8423,5757488.0,72.78513000000001,0.0
2017-10-31 19:30:28,13364320.0,106.8513,5757488.0,72.78474,0.0
2017-10-31 19:30:29,13366620.0,106.8603,5757488.0,72.78437,0.0
2017-10-31 19:30:30,13364320.0,106.8761,5757488.0,72.78399,0.0
2017-10-31 19:30:31,13362020.0,106.8918,5757488.0,72.78362,0.0
2017-10-31 19:30:32,13362600.0,106.8885,5757488.0,72.78323,0.0
2017-10-31 19:30:33,13363170.0,106.8851,5757488.0,72.78286,0.0
2017-10-31 19:30:34,13363750.0,106.8817,5757488.0,72.78248,0.0
2017-10-31 19:30:35,13364320.0,106.8783,5757488.0,72.7821,0.0
2017-10-31 19:30:36,13364900.0,106.8851,5757488.0,72.78171999999999,0.0
2017-10-31 19:30:37,13365470.0,106.8918,5757488.0,72.78134,0.0
2017-10-31 19:30:38,13366040.0,106.8716,5757488.0,72.78097,0.0
2017-10-31 19:30:39,13366620.0,106.8513,5757488.0,72.78059,0.0
2017-10-31 19:30:40,13363170.0,106.8558,5757488.0,72.78021,0.0
2017-10-31 19:30:41,13359720.0,106.8603,5757488.0,72.77983,0.0
2017-10-31 19:30:42,13360870.0,106.8626,5757488.0,72.77946,0.0
2017-10-31 19:30:43,13362020.0,106.8648,5757488.0,72.77908000000001,0.0
2017-10-31 19:30:44,13364320.0,106.8738,5757488.0,72.77869,0.0
2017-10-31 19:30:45,13366620.0,106.8828,5757337.0,72.77832,0.0
2017-10-31 19:30:46,13364900.0,106.8626,5757185.0,72.77794,0.0
2017-10-31 19:30:47,13363170.0,106.8423,5757034.0,72.77757,0.0
2017-10-31 19:30:48,13361450.0,106.8716,5756882.0,72.77718,0.0
2017-10-31 19:30:49,13359720.0,106.9008,5756730.0,72.77681,0.0
2017-10-31 19:30:50,13360300.0,106.8952,5756579.0,72.77643,0.0
2017-10-31 19:30:51,13360870.0,106.8896,5756427.0,72.77605,0.0
2017-10-31 19:30:52,13361450.0,106.884,5756276.0,72.77566999999999,0.0
2017-10-31 19:30:53,13362020.0,106.8783,5756125.0,72.77529,0.0
2017-10-31 19:30:54,13364320.0,106.8693,5755973.0,72.77492,0.0
2017-10-31 19:30:55,13366620.0,106.8603,5755821.0,72.77454,0.0
2017-10-31 19:30:56,13365470.0,106.8671,5755594.0,72.77416,0.0
2017-10-31 19:30:57,13364320.0,106.8738,5755367.0,72.77378,0.0
2017-10-31 19:30:58,13363170.0,106.8671,5755140.0,72.77341,0.0
2017-10-31 19:30:59,13362020.0,106.8603,5754912.0,72.77303,0.0
2017-10-31 19:31:00,13360870.0,106.8761,5754685.0,72.77265,0.0
2017-10-31 19:31:01,13359720.0,106.8918,5754458.0,72.77226999999999,0.0
2017-10-31 19:31:02,13363170.0,106.8896,5754230.0,72.77189,0.0
2017-10-31 19:31:03,13366620.0,106.8873,5754003.0,72.77150999999999,0.0
2017-10-31 19:31:04,13365470.0,106.8851,5753776.0,72.77113,0.0
2017-10-31 19:31:05,13364320.0,106.8828,5753548.0,72.77076,0.0
2017-10-31 19:31:06,13363170.0,106.8806,5753321.0,72.77038,0.0
2017-10-31 19:31:07,13362020.0,106.8783,5753321.0,72.77,0.0
2017-10-31 19:31:08,13362790.0,106.8873,5753321.0,72.76961999999999,0.0
2017-10-31 19:31:09,13363550.0,106.8963,5753321.0,72.76925,0.0
2017-10-31 19:31:10,13364320.0,106.8896,5753321.0,72.76886999999999,0.0
2017-10-31 19:31:11,13365090.0,106.8828,5753321.0,72.76849,0.0
2017-10-31 19:31:12,13365850.0,106.8783,5753321.0,72.76811,0.0
2017-10-31 19:31:13,13366620.0,106.8738,5753321.0,72.76773,0.0
2017-10-31 19:31:14,13364320.0,106.8828,5753321.0,72.76736,0.0
2017-10-31 19:31:15,13362020.0,106.8918,5753321.0,72.76698,0.0
2017-10-31 19:31:16,13362020.0,106.8851,5753321.0,72.7666,0.0
2017-10-31 19:31:17,13362020.0,106.8783,5753321.0,72.76621999999999,0.0
2017-10-31 19:31:18,13362020.0,106.8716,5753246.0,72.76585,0.0
2017-10-31 19:31:19,13362020.0,106.8648,5753170.0,72.76546,0.0
2017-10-31 19:31:20,13361640.0,106.8693,5753094.0,72.76508000000001,0.0
2017-10-31 19:31:21,13361260.0,106.8738,5753019.0,72.76471,0.0
2017-10-31 19:31:22,13360870.0,106.8828,5752943.0,72.76433,0.0
2017-10-31 19:31:23,13360490.0,106.8918,5752867.0,72.76395,0.0
2017-10-31 19:31:24,13360110.0,106.8896,5752791.0,72.76357,0.0
2017-10-31 19:31:25,13359720.0,106.8873,5752715.0,72.7632,0.0
2017-10-31 19:31:26,13360870.0,106.8851,5752640.0,72.76281999999999,0.0
2017-10-31 19:31:27,13362020.0,106.8828,5752564.0,72.76244,0.0
2017-10-31 19:31:28,13366620.0,106.8851,5752488.0,72.76205999999999,0.0
2017-10-31 19:31:29,13371220.0,106.8873,5752337.0,72.76168,0.0
2017-10-31 19:31:30,13368920.0,106.8896,5752185.0,72.76131,0.0
2017-10-31 19:31:31,13366620.0,106.8918,5752034.0,72.76093,0.0
2017-10-31 19:31:32,13373510.0,106.893,5751882.0,72.76055,0.0
2017-10-31 19:31:33,13380410.0,106.8941,5751730.0,72.76017,0.0
2017-10-31 19:31:34,13370070.0,106.8952,5751579.0,72.7598,0.0
2017-10-31 19:31:35,13359720.0,106.8963,5751427.0,72.75941,0.0
2017-10-31 19:31:36,13360870.0,106.8896,5751276.0,72.75904,0.0
2017-10-31 19:31:37,13362020.0,106.8828,5751125.0,72.75865999999999,0.0
2017-10-31 19:31:38,13371220.0,106.8873,5750973.0,72.75828,0.0
2017-10-31 19:31:39,13380410.0,106.8918,5750821.0,72.7579,0.0
2017-10-31 19:31:40,13371220.0,106.8873,5750670.0,72.75752,0.0
2017-10-31 19:31:41,13362020.0,106.8828,5750518.0,72.75715,0.0
2017-10-31 19:31:42,13360870.0,106.8843,5750367.0,72.75676999999999,0.0
2017-10-31 19:31:43,13359720.0,106.8858,5750215.0,72.75639,0.0
2017-10-31 19:31:44,13360300.0,106.8873,5750064.0,72.75601,0.0
2017-10-31 19:31:45,13360870.0,106.8888,5749912.0,72.75564,0.0
2017-10-31 19:31:46,13361450.0,106.8903,5749761.0,72.75525999999999,0.0
2017-10-31 19:31:47,13362020.0,106.8918,5749609.0,72.75488,0.0
2017-10-31 19:31:48,13361450.0,106.8941,5749458.0,72.7545,0.0
2017-10-31 19:31:49,13360870.0,106.8963,5749306.0,72.75412,0.0
2017-10-31 19:31:50,13360300.0,106.8873,5749155.0,72.75375,0.0
2017-10-31 19:31:51,13359720.0,106.8783,5749155.0,72.75336,0.0
2017-10-31 19:31:52,13358580.0,106.8693,5749155.0,72.75299,0.0
2017-10-31 19:31:53,13357430.0,106.8603,5749155.0,72.75261,0.0
2017-10-31 19:31:54,13358580.0,106.8626,5749155.0,72.75224,0.0
2017-10-31 19:31:55,13359720.0,106.8648,5749155.0,72.75185,0.0
2017-10-31 19:31:56,13360870.0,106.8671,5749155.0,72.75147,0.0
2017-10-31 19:31:57,13362020.0,106.8693,5749155.0,72.7511,0.0
2017-10-31 19:31:58,13360870.0,106.8716,5749155.0,72.75072,0.0
2017-10-31 19:31:59,13359720.0,106.8738,5749155.0,72.75034000000001,0.0
2017-10-31 19:32:00,13360870.0,106.8761,5749155.0,72.74996,0.0
2017-10-31 19:32:01,13362020.0,106.8783,5749155.0,72.74959,0.0
2017-10-31 19:32:02,13364320.0,106.8806,5749155.0,72.74920999999999,0.0
2017-10-31 19:32:03,13366620.0,106.8828,5749155.0,72.74883,0.0
2017-10-31 19:32:04,13365850.0,106.88,5749155.0,72.74845,0.0
2017-10-31 19:32:05,13365090.0,106.8772,5749155.0,72.74808,0.0
2017-10-31 19:32:06,13364320.0,106.8744,5749155.0,72.7477,0.0
2017-10-31 19:32:07,13363550.0,106.8716,5749155.0,72.74731,0.0
2017-10-31 19:32:08,13362790.0,106.8688,5749155.0,72.74694000000001,0.0
2017-10-31 19:32:09,13362020.0,106.866,5749155.0,72.74656,0.0
2017-10-31 19:32:10,13362020.0,106.8632,5749155.0,72.74619,0.0
2017-10-31 19:32:11,13362020.0,106.8603,5749155.0,72.7458,0.0
2017-10-31 19:32:12,13364320.0,106.8761,5749155.0,72.74543,0.0
2017-10-31 19:32:13,13366620.0,106.8918,5749155.0,72.74505,0.0
2017-10-31 19:32:14,13363170.0,106.8783,5749155.0,72.74467,0.0
2017-10-31 19:32:15,13359720.0,106.8648,5749155.0,72.74429,0.0
2017-10-31 19:32:16,13362020.0,106.8727,5749155.0,72.74391,0.0
2017-10-31 19:32:17,13364320.0,106.8806,5749155.0,72.74354,0.0
2017-10-31 19:32:18,13366620.0,106.8885,5749155.0,72.74316,0.0
2017-10-31 19:32:19,13368920.0,106.8963,5749155.0,72.74278000000001,0.0
2017-10-31 19:32:20,13370070.0,106.8851,5749155.0,72.7424,0.0
2017-10-31 19:32:21,13371220.0,106.8738,5749155.0,72.74203,0.0
2017-10-31 19:32:22,13370070.0,106.8716,5749155.0,72.74165,0.0
2017-10-31 19:32:23,13368920.0,106.8693,5749155.0,72.74127,0.0
2017-10-31 19:32:24,13367770.0,106.8671,5748700.0,72.74089000000001,0.0
2017-10-31 19:32:25,13366620.0,106.8648,5748246.0,72.74051,0.0
2017-10-31 19:32:26,13367190.0,106.8637,5747791.0,72.74014,0.0
2017-10-31 19:32:27,13367770.0,106.8626,5747336.0,72.73975,0.0
2017-10-31 19:32:28,13368340.0,106.8615,5746882.0,72.73938000000001,0.0
2017-10-31 19:32:29,13368920.0,106.8603,5746428.0,72.739,0.0
2017-10-31 19:32:30,13365470.0,106.8596,5745973.0,72.73862,0.0
2017-10-31 19:32:31,13362020.0,106.8588,5745519.0,72.73824,0.0
2017-10-31 19:32:32,13370070.0,106.8581,5745064.0,72.73787,0.0
2017-10-31 19:32:33,13378110.0,106.8573,5744609.0,72.73749000000001,0.0
2017-10-31 19:32:34,13374660.0,106.8566,5744155.0,72.73711,0.0
2017-10-31 19:32:35,13371220.0,106.8558,5744155.0,72.73673000000001,0.0
2017-10-31 19:32:36,13370070.0,106.8573,5744155.0,72.73635,0.0
2017-10-31 19:32:37,13368920.0,106.8588,5744155.0,72.73598,0.0
2017-10-31 19:32:38,13366620.0,106.8603,5744155.0,72.7356,0.0
2017-10-31 19:32:39,13364320.0,106.8618,5744155.0,72.73522,0.0
2017-10-31 19:32:40,13362020.0,106.8633,5744155.0,72.73484,0.0
2017-10-31 19:32:41,13359720.0,106.8648,5744155.0,72.73447,0.0
2017-10-31 19:32:42,13363170.0,106.8626,5744155.0,72.73409000000001,0.0
2017-10-31 19:32:43,13366620.0,106.8603,5744155.0,72.7337,0.0
2017-10-31 19:32:44,13375810.0,106.8558,5744155.0,72.73333000000001,0.0
2017-10-31 19:32:45,13385010.0,106.8513,5744155.0,72.73295,0.0
2017-10-31 19:32:46,13373510.0,106.8671,5744079.0,72.73257,0.0
2017-10-31 19:32:47,13362020.0,106.8828,5744003.0,72.73219,0.0
2017-10-31 19:32:48,13372360.0,106.8896,5743927.0,72.73182,0.0
2017-10-31 19:32:49,13382710.0,106.8963,5743852.0,72.73144,0.0
2017-10-31 19:32:50,13376960.0,106.8873,5743776.0,72.73106,0.0
2017-10-31 19:32:51,13371220.0,106.8783,5743700.0,72.73068,0.0
2017-10-31 19:32:52,13378110.0,106.8806,5743625.0,72.7303,0.0
2017-10-31 19:32:53,13385010.0,106.8828,5743549.0,72.72993000000001,0.0
2017-10-31 19:32:54,13381560.0,106.8738,5743473.0,72.72955,0.0
2017-10-31 19:32:55,13378110.0,106.8648,5743397.0,72.72917,0.0
2017-10-31 19:32:56,13380410.0,106.8626,5743321.0,72.72879,0.0
2017-10-31 19:32:57,13382710.0,106.8603,5743283.0,72.72842,0.0
2017-10-31 19:32:58,13375810.0,106.8693,5743246.0,72.72803,0.0
2017-10-31 19:32:59,13368920.0,106.8783,5743208.0,72.72766,0.0
2017-10-31 19:33:00,13373510.0,106.8806,5743170.0,72.72728000000001,0.0
2017-10-31 19:33:01,13378110.0,106.8828,5743132.0,72.7269,0.0
2017-10-31 19:33:02,13380410.0,106.8806,5743094.0,72.72652,0.0
2017-10-31 19:33:03,13382710.0,106.8783,5743056.0,72.72614,0.0
2017-10-31 19:33:04,13383860.0,106.8693,5743019.0,72.72577,0.0
2017-10-31 19:33:05,13385010.0,106.8603,5742980.0,72.72539,0.0
2017-10-31 19:33:06,13382710.0,106.8581,5742943.0,72.72501,0.0
2017-10-31 19:33:07,13380410.0,106.8558,5742905.0,72.72463,0.0
2017-10-31 19:33:08,13371220.0,106.8536,5742867.0,72.72426,0.0
2017-10-31 19:33:09,13362020.0,106.8513,5742829.0,72.72388000000001,0.0
2017-10-31 19:33:10,13364320.0,106.8581,5742791.0,72.7235,0.0
2017-10-31 19:33:11,13366620.0,106.8648,5742753.0,72.72312,0.0
2017-10-31 19:33:12,13368920.0,106.8592,5742715.0,72.72274,0.0
2017-10-31 19:33:13,13371220.0,106.8536,5742678.0,72.72237,0.0
2017-10-31 19:33:14,13378110.0,106.848,5742640.0,72.72198,0.0
2017-10-31 19:33:15,13385010.0,106.8423,5742602.0,72.72161,0.0
2017-10-31 19:33:16,13379260.0,106.8491,5742564.0,72.72123,0.0
2017-10-31 19:33:17,13373510.0,106.8558,5742526.0,72.72086,0.0
2017-10-31 19:33:18,13379260.0,106.8693,5742488.0,72.72046999999999,0.0
2017-10-31 19:33:19,13385010.0,106.8828,5742337.0,72.72009,0.0
2017-10-31 19:33:20,13378110.0,106.8626,5742185.0,72.71972,0.0
2017-10-31 19:33:21,13371220.0,106.8423,5742034.0,72.71934,0.0
2017-10-31 19:33:22,13372360.0,106.8423,5741882.0,72.71896,0.0
2017-10-31 19:33:23,13373510.0,106.8423,5741730.0,72.71858,0.0
2017-10-31 19:33:24,13367770.0,106.8423,5741579.0,72.71821,0.0
2017-10-31 19:33:25,13362020.0,106.8423,5741427.0,72.71783,0.0
2017-10-31 19:33:26,13367770.0,106.8457,5741276.0,72.71745,0.0
2017-10-31 19:33:27,13373510.0,106.8491,5741125.0,72.71706999999999,0.0
2017-10-31 19:33:28,13379260.0,106.8525,5740973.0,72.71669,0.0
2017-10-31 19:33:29,13385010.0,106.8558,5740821.0,72.71632,0.0
2017-10-31 19:33:30,13385770.0,106.8491,5740594.0,72.71593,0.0
2017-10-31 19:33:31,13386540.0,106.8423,5740367.0,72.71556,0.0
2017-10-31 19:33:32,13387300.0,106.8468,5740140.0,72.71518,0.0
2017-10-31 19:33:33,13388070.0,106.8513,5739912.0,72.71481,0.0
2017-10-31 19:33:34,13388840.0,106.8468,5739685.0,72.71441999999999,0.0
2017-10-31 19:33:35,13389600.0,106.8423,5739458.0,72.71405,0.0
2017-10-31 19:33:36,13380410.0,106.8491,5739230.0,72.71367,0.0
2017-10-31 19:33:37,13371220.0,106.8558,5739003.0,72.71329,0.0
2017-10-31 19:33:38,13375810.0,106.857,5738776.0,72.71291,0.0
2017-10-31 19:33:39,13380410.0,106.8581,5738548.0,72.71253,0.0
2017-10-31 19:33:40,13385010.0,106.8592,5738321.0,72.71216,0.0
2017-10-31 19:33:41,13389600.0,106.8603,5738321.0,72.71178,0.0
2017-10-31 19:33:42,13387300.0,106.8626,5738321.0,72.7114,0.0
2017-10-31 19:33:43,13385010.0,106.8648,5738321.0,72.71101999999999,0.0
2017-10-31 19:33:44,13385010.0,106.8626,5738321.0,72.71065,0.0
2017-10-31 19:33:45,13385010.0,106.8603,5738321.0,72.71027,0.0
2017-10-31 19:33:46,13386150.0,106.8671,5738321.0,72.70989,0.0
2017-10-31 19:33:47,13387300.0,106.8738,5738321.0,72.70951,0.0
2017-10-31 19:33:48,13388450.0,106.8783,5738321.0,72.70913,0.0
2017-10-31 19:33:49,13389600.0,106.8828,5738321.0,72.70876,0.0
2017-10-31 19:33:50,13388840.0,106.8772,5738321.0,72.70837,0.0
2017-10-31 19:33:51,13388070.0,106.8716,5738321.0,72.708,0.0
2017-10-31 19:33:52,13387300.0,106.866,5738170.0,72.70761999999999,0.0
2017-10-31 19:33:53,13386540.0,106.8603,5738018.0,72.70724,0.0
2017-10-31 19:33:54,13385770.0,106.8716,5737867.0,72.70685999999999,0.0
2017-10-31 19:33:55,13385010.0,106.8828,5737715.0,72.70649,0.0
2017-10-31 19:33:56,13387300.0,106.8716,5737564.0,72.70611,0.0
2017-10-31 19:33:57,13389600.0,106.8603,5737412.0,72.70573,0.0
2017-10-31 19:33:58,13387300.0,106.8609,5737261.0,72.70535,0.0
2017-10-31 19:33:59,13385010.0,106.8615,5737109.0,72.70496999999999,0.0
2017-10-31 19:34:00,13385010.0,106.862,5736958.0,72.7046,0.0
2017-10-31 19:34:01,13385010.0,106.8626,5736806.0,72.70421999999999,0.0
2017-10-31 19:34:02,13385010.0,106.8632,5736655.0,72.70384,0.0
2017-10-31 19:34:03,13385010.0,106.8637,5736655.0,72.70345999999999,0.0
2017-10-31 19:34:04,13385010.0,106.8643,5736655.0,72.70309,0.0
2017-10-31 19:34:05,13385010.0,106.8648,5736655.0,72.70271,0.0
2017-10-31 19:34:06,13387300.0,106.8738,5736655.0,72.70232,0.0
2017-10-31 19:34:07,13389600.0,106.8828,5736655.0,72.70195,0.0
2017-10-31 19:34:08,13386150.0,106.8626,5736655.0,72.70156999999999,0.0
2017-10-31 19:34:09,13382710.0,106.8423,5736655.0,72.70119,0.0
2017-10-31 19:34:10,13381560.0,106.8401,5736655.0,72.70081,0.0
2017-10-31 19:34:11,13380410.0,106.8378,5736655.0,72.70044,0.0
2017-10-31 19:34:12,13382710.0,106.8401,5736655.0,72.70006,0.0
2017-10-31 19:34:13,13385010.0,106.8423,5736655.0,72.69968,0.0
2017-10-31 19:34:14,13387300.0,106.8513,5736806.0,72.6993,0.0
2017-10-31 19:34:15,13389600.0,106.8603,5736958.0,72.69892,0.0
2017-10-31 19:34:16,13387300.0,106.8581,5737109.0,72.69855,0.0
2017-10-31 19:34:17,13385010.0,106.8558,5737261.0,72.69816999999999,0.0
2017-10-31 19:34:18,13378110.0,106.8648,5737412.0,72.69779,0.0
2017-10-31 19:34:19,13371220.0,106.8738,5737564.0,72.69740999999999,0.0
2017-10-31 19:34:20,13375810.0,106.8581,5737715.0,72.69704,0.0
2017-10-31 19:34:21,13380410.0,106.8423,5737867.0,72.69666,0.0
2017-10-31 19:34:22,13382710.0,106.8603,5738018.0,72.69628,0.0
2017-10-31 19:34:23,13385010.0,106.8783,5738170.0,72.6959,0.0
2017-10-31 19:34:24,13387300.0,106.8671,5738321.0,72.69552,0.0
2017-10-31 19:34:25,13389600.0,106.8558,5738321.0,72.69514000000001,0.0
2017-10-31 19:34:26,13387300.0,106.8536,5738321.0,72.69476,0.0
2017-10-31 19:34:27,13385010.0,106.8513,5738321.0,72.69439,0.0
2017-10-31 19:34:28,13383860.0,106.8498,5738321.0,72.69400999999999,0.0
2017-10-31 19:34:29,13382710.0,106.8483,5738321.0,72.69363,0.0
2017-10-31 19:34:30,13383860.0,106.8468,5738321.0,72.69325,0.0
2017-10-31 19:34:31,13385010.0,106.8453,5738321.0,72.69288,0.0
2017-10-31 19:34:32,13384430.0,106.8438,5738321.0,72.6925,0.0
2017-10-31 19:34:33,13383860.0,106.8423,5738321.0,72.69211999999999,0.0
2017-10-31 19:34:34,13383280.0,106.8536,5738321.0,72.69174,0.0
2017-10-31 19:34:35,13382710.0,106.8648,5738321.0,72.69136,0.0
2017-10-31 19:34:36,13382710.0,106.8603,5738321.0,72.69099,0.0
2017-10-31 19:34:37,13382710.0,106.8558,5738321.0,72.69060999999999,0.0
2017-10-31 19:34:38,13383280.0,106.8551,5738321.0,72.69023,0.0
2017-10-31 19:34:39,13383860.0,106.8543,5738321.0,72.68985,0.0
2017-10-31 19:34:40,13384430.0,106.8536,5738321.0,72.68948,0.0
2017-10-31 19:34:41,13385010.0,106.8528,5738321.0,72.68909000000001,0.0
2017-10-31 19:34:42,13384430.0,106.8521,5738321.0,72.68871,0.0
2017-10-31 19:34:43,13383860.0,106.8513,5738321.0,72.68834,0.0
2017-10-31 19:34:44,13383280.0,106.8446,5738321.0,72.68796,0.0
2017-10-31 19:34:45,13382710.0,106.8378,5738321.0,72.68758000000001,0.0
2017-10-31 19:34:46,13386150.0,106.8446,5738321.0,72.6872,0.0
2017-10-31 19:34:47,13389600.0,106.8513,5738170.0,72.68683,0.0
2017-10-31 19:34:48,13387300.0,106.8468,5738018.0,72.68645,0.0
2017-10-31 19:34:49,13385010.0,106.8423,5737867.0,72.68607,0.0
2017-10-31 19:34:50,13384430.0,106.8412,5737715.0,72.68569000000001,0.0
2017-10-31 19:34:51,13383860.0,106.8401,5737564.0,72.68531,0.0
2017-10-31 19:34:52,13383280.0,106.839,5737412.0,72.68494,0.0
2017-10-31 19:34:53,13382710.0,106.8378,5737261.0,72.68456,0.0
2017-10-31 19:34:54,13386150.0,106.8401,5737109.0,72.68418,0.0
2017-10-31 19:34:55,13389600.0,106.8423,5736958.0,72.6838,0.0
2017-10-31 19:34:56,13388450.0,106.8401,5736806.0,72.68343,0.0
2017-10-31 19:34:57,13387300.0,106.8378,5736655.0,72.68304,0.0
2017-10-31 19:34:58,13386150.0,106.8401,5736655.0,72.68267,0.0
2017-10-31 19:34:59,13385010.0,106.8423,5736655.0,72.68229000000001,0.0
2017-10-31 19:35:00,13382710.0,106.8457,5736655.0,72.68191,0.0
2017-10-31 19:35:01,13380410.0,106.8491,5736655.0,72.68153000000001,0.0
2017-10-31 19:35:02,13382710.0,106.8525,5736655.0,72.68115,0.0
2017-10-31 19:35:03,13385010.0,106.8558,5736655.0,72.68078,0.0
2017-10-31 19:35:04,13387300.0,106.8536,5736655.0,72.6804,0.0
2017-10-31 19:35:05,13389600.0,106.8513,5736655.0,72.68002,0.0
2017-10-31 19:35:06,13387300.0,106.8536,5736655.0,72.67964,0.0
2017-10-31 19:35:07,13385010.0,106.8558,5736655.0,72.67926999999999,0.0
2017-10-31 19:35:08,13383860.0,106.8536,5736655.0,72.67889,0.0
2017-10-31 19:35:09,13382710.0,106.8513,5736806.0,72.6785,0.0
2017-10-31 19:35:10,13383860.0,106.8536,5736958.0,72.67813000000001,0.0
2017-10-31 19:35:11,13385010.0,106.8558,5737109.0,72.67775,0.0
2017-10-31 19:35:12,13387300.0,106.8581,5737261.0,72.67738,0.0
2017-10-31 19:35:13,13389600.0,106.8603,5737412.0,72.67699,0.0
2017-10-31 19:35:14,13387300.0,106.8615,5737564.0,72.67662,0.0
2017-10-31 19:35:15,13385010.0,106.8626,5737715.0,72.67624,0.0
2017-10-31 19:35:16,13383860.0,106.8637,5737867.0,72.67586999999999,0.0
2017-10-31 19:35:17,13382710.0,106.8648,5738018.0,72.67548000000001,0.0
2017-10-31 19:35:18,13383860.0,106.8581,5738170.0,72.6751,0.0
2017-10-31 19:35:19,13385010.0,106.8513,5738321.0,72.67473000000001,0.0
2017-10-31 19:35:20,13387300.0,106.8558,5738094.0,72.67435,0.0
2017-10-31 19:35:21,13389600.0,106.8603,5737867.0,72.67397,0.0
2017-10-31 19:35:22,13387300.0,106.8637,5737640.0,72.67359,0.0
2017-10-31 19:35:23,13385010.0,106.8671,5737412.0,72.67322,0.0
2017-10-31 19:35:24,13382710.0,106.8705,5737185.0,72.67284000000001,0.0
2017-10-31 19:35:25,13380410.0,106.8738,5736958.0,72.67246,0.0
2017-10-31 19:35:26,13382710.0,106.8558,5736730.0,72.67208000000001,0.0
2017-10-31 19:35:27,13385010.0,106.8378,5736503.0,72.6717,0.0
2017-10-31 19:35:28,13384430.0,106.8513,5736276.0,72.67133000000001,0.0
2017-10-31 19:35:29,13383860.0,106.8648,5736048.0,72.67094,0.0
2017-10-31 19:35:30,13383280.0,106.8716,5735821.0,72.67057,0.0
2017-10-31 19:35:31,13382710.0,106.8783,5735821.0,72.67019,0.0
2017-10-31 19:35:32,13381560.0,106.8716,5735821.0,72.66982,0.0
2017-10-31 19:35:33,13380410.0,106.8648,5735821.0,72.66943,0.0
2017-10-31 19:35:34,13381560.0,106.8637,5735821.0,72.66906,0.0
2017-10-31 19:35:35,13382710.0,106.8626,5735821.0,72.66868000000001,0.0
2017-10-31 19:35:36,13383860.0,106.8615,5735821.0,72.6683,0.0
2017-10-31 19:35:37,13385010.0,106.8603,5735821.0,72.66792,0.0
2017-10-31 19:35:38,13383860.0,106.8581,5735821.0,72.66754,0.0
2017-10-31 19:35:39,13382710.0,106.8558,5735821.0,72.66717,0.0
2017-10-31 19:35:40,13383860.0,106.8693,5735821.0,72.66679,0.0
2017-10-31 19:35:41,13385010.0,106.8828,5735821.0,72.66641,0.0
2017-10-31 19:35:42,13387300.0,106.8693,5735897.0,72.66603,0.0
2017-10-31 19:35:43,13389600.0,106.8558,5735973.0,72.66566,0.0
2017-10-31 19:35:44,13387300.0,106.8536,5736049.0,72.66528000000001,0.0
2017-10-31 19:35:45,13385010.0,106.8513,5736125.0,72.6649,0.0
2017-10-31 19:35:46,13383860.0,106.8468,5736200.0,72.66452,0.0
2017-10-31 19:35:47,13382710.0,106.8423,5736276.0,72.66414,0.0
2017-10-31 19:35:48,13383860.0,106.8446,5736352.0,72.66376,0.0
2017-10-31 19:35:49,13385010.0,106.8468,5736427.0,72.66338,0.0
2017-10-31 19:35:50,13385580.0,106.8491,5736503.0,72.66301,0.0
2017-10-31 19:35:51,13386150.0,106.8513,5736579.0,72.66263000000001,0.0
2017-10-31 19:35:52,13386730.0,106.8581,5736655.0,72.66225,0.0
2017-10-31 19:35:53,13387300.0,106.8648,5736579.0,72.66187,0.0
2017-10-31 19:35:54,13387880.0,106.8581,5736503.0,72.6615,0.0
2017-10-31 19:35:55,13388450.0,106.8513,5736427.0,72.66112,0.0
2017-10-31 19:35:56,13389030.0,106.8468,5736352.0,72.66074,0.0
2017-10-31 19:35:57,13389600.0,106.8423,5736276.0,72.66036,0.0
2017-10-31 19:35:58,13387300.0,106.8513,5736200.0,72.65998,0.0
2017-10-31 19:35:59,13385010.0,106.8603,5736125.0,72.65961,0.0
2017-10-31 19:36:00,13384430.0,106.8588,5736049.0,72.65923000000001,0.0
2017-10-31 19:36:01,13383860.0,106.8573,5735973.0,72.65885,0.0
2017-10-31 19:36:02,13383280.0,106.8558,5735897.0,72.65847,0.0
2017-10-31 19:36:03,13382710.0,106.8543,5735821.0,72.6581,0.0
2017-10-31 19:36:04,13383860.0,106.8528,5735821.0,72.65771,0.0
2017-10-31 19:36:05,13385010.0,106.8513,5735821.0,72.65733,0.0
2017-10-31 19:36:06,13387300.0,106.8446,5735821.0,72.65696,0.0
2017-10-31 19:36:07,13389600.0,106.8378,5735821.0,72.65658,0.0
2017-10-31 19:36:08,13387300.0,106.8446,5735821.0,72.6562,0.0
2017-10-31 19:36:09,13385010.0,106.8513,5735821.0,72.65581999999999,0.0
2017-10-31 19:36:10,13383860.0,106.8468,5735821.0,72.65545,0.0
2017-10-31 19:36:11,13382710.0,106.8423,5735821.0,72.65507,0.0
2017-10-31 19:36:12,13384430.0,106.8423,5735821.0,72.65469,0.0
2017-10-31 19:36:13,13386150.0,106.8423,5735821.0,72.65431,0.0
2017-10-31 19:36:14,13387880.0,106.8423,5735821.0,72.65393,0.0
2017-10-31 19:36:15,13389600.0,106.8423,5735821.0,72.65356,0.0
2017-10-31 19:36:16,13388450.0,106.8513,5735821.0,72.65318,0.0
2017-10-31 19:36:17,13387300.0,106.8603,5735821.0,72.6528,0.0
2017-10-31 19:36:18,13386150.0,106.8513,5735821.0,72.65241999999999,0.0
2017-10-31 19:36:19,13385010.0,106.8423,5735821.0,72.65205,0.0
2017-10-31 19:36:20,13386150.0,106.8401,5735821.0,72.65165999999999,0.0
2017-10-31 19:36:21,13387300.0,106.8378,5735821.0,72.65129,0.0
2017-10-31 19:36:22,13388450.0,106.8401,5735821.0,72.65091,0.0
2017-10-31 19:36:23,13389600.0,106.8423,5735821.0,72.65053,0.0
2017-10-31 19:36:24,13388450.0,106.8457,5735821.0,72.65015,0.0
2017-10-31 19:36:25,13387300.0,106.8491,5735821.0,72.64976999999999,0.0
2017-10-31 19:36:26,13386150.0,106.8525,5735897.0,72.6494,0.0
2017-10-31 19:36:27,13385010.0,106.8558,5735973.0,72.64902,0.0
2017-10-31 19:36:28,13383860.0,106.8536,5736049.0,72.64864,0.0
2017-10-31 19:36:29,13382710.0,106.8513,5736125.0,72.64826,0.0
2017-10-31 19:36:30,13383860.0,106.8468,5736200.0,72.64789,0.0
2017-10-31 19:36:31,13385010.0,106.8423,5736276.0,72.64751,0.0
2017-10-31 19:36:32,13387300.0,106.848,5736352.0,72.64713,0.0
2017-10-31 19:36:33,13389600.0,106.8536,5736427.0,72.64675,0.0
2017-10-31 19:36:34,13388450.0,106.8592,5736503.0,72.64636999999999,0.0
2017-10-31 19:36:35,13387300.0,106.8648,5736579.0,72.646,0.0
2017-10-31 19:36:36,13386150.0,106.8581,5736655.0,72.64560999999999,0.0
2017-10-31 19:36:37,13385010.0,106.8513,5736655.0,72.64524,0.0
2017-10-31 19:36:38,13383860.0,106.8536,5736655.0,72.64486,0.0
2017-10-31 19:36:39,13382710.0,106.8558,5736655.0,72.64449,0.0
2017-10-31 19:36:40,13384430.0,106.8536,5736655.0,72.6441,0.0
2017-10-31 19:36:41,13386150.0,106.8513,5736655.0,72.64372,0.0
2017-10-31 19:36:42,13387880.0,106.8536,5736655.0,72.64335,0.0
2017-10-31 19:36:43,13389600.0,106.8558,5736655.0,72.64296999999999,0.0
2017-10-31 19:36:44,13387300.0,106.8581,5736655.0,72.64259,0.0
2017-10-31 19:36:45,13385010.0,106.8603,5736655.0,72.64220999999999,0.0
2017-10-31 19:36:46,13384430.0,106.8581,5736655.0,72.64184,0.0
2017-10-31 19:36:47,13383860.0,106.8558,5736655.0,72.64146,0.0
2017-10-31 19:36:48,13383280.0,106.8491,5736579.0,72.64108,0.0
2017-10-31 19:36:49,13382710.0,106.8423,5736503.0,72.6407,0.0
2017-10-31 19:36:50,13383860.0,106.8468,5736427.0,72.64031999999999,0.0
2017-10-31 19:36:51,13385010.0,106.8513,5736352.0,72.63995,0.0
2017-10-31 19:36:52,13387300.0,106.8468,5736276.0,72.63956,0.0
2017-10-31 19:36:53,13389600.0,106.8423,5736200.0,72.63919,0.0
2017-10-31 19:36:54,13387300.0,106.8468,5736125.0,72.63880999999999,0.0
2017-10-31 19:36:55,13385010.0,106.8513,5736049.0,72.63844,0.0
2017-10-31 19:36:56,13386150.0,106.8525,5735973.0,72.63805,0.0
2017-10-31 19:36:57,13387300.0,106.8536,5735897.0,72.63768,0.0
2017-10-31 19:36:58,13388450.0,106.8547,5735821.0,72.6373,0.0
2017-10-31 19:36:59,13389600.0,106.8558,5735746.0,72.63691999999999,0.0
2017-10-31 19:37:00,13388450.0,106.8513,5735670.0,72.63654,0.0
2017-10-31 19:37:01,13387300.0,106.8468,5735594.0,72.63616,0.0
2017-10-31 19:37:02,13386150.0,106.8423,5735519.0,72.63579,0.0
2017-10-31 19:37:03,13385010.0,106.8378,5735443.0,72.63541,0.0
2017-10-31 19:37:04,13385770.0,106.8446,5735367.0,72.63503,0.0
2017-10-31 19:37:05,13386540.0,106.8513,5735291.0,72.63465,0.0
2017-10-31 19:37:06,13387300.0,106.8513,5735215.0,72.63428,0.0
2017-10-31 19:37:07,13388070.0,106.8513,5735140.0,72.6339,0.0
2017-10-31 19:37:08,13388840.0,106.8536,5735064.0,72.63351,0.0
2017-10-31 19:37:09,13389600.0,106.8558,5734988.0,72.63314,0.0
2017-10-31 19:37:10,13387300.0,106.8536,5734913.0,72.63276,0.0
2017-10-31 19:37:11,13385010.0,106.8513,5734837.0,72.63239,0.0
2017-10-31 19:37:12,13383860.0,106.8491,5734761.0,72.632,0.0
2017-10-31 19:37:13,13382710.0,106.8468,5734685.0,72.63163,0.0
2017-10-31 19:37:14,13383280.0,106.8446,5734609.0,72.63125,0.0
2017-10-31 19:37:15,13383860.0,106.8423,5734534.0,72.63087,0.0
2017-10-31 19:37:16,13384430.0,106.8401,5734458.0,72.63049000000001,0.0
2017-10-31 19:37:17,13385010.0,106.8378,5734382.0,72.63011,0.0
2017-10-31 19:37:18,13387300.0,106.8446,5734306.0,72.62974,0.0
2017-10-31 19:37:19,13389600.0,106.8513,5734230.0,72.62935999999999,3.0
2017-10-31 19:37:20,13387300.0,106.8502,5734155.0,72.62898,3.0
2017-10-31 19:37:21,13385010.0,106.8491,5734230.0,72.6286,3.0
2017-10-31 19:37:22,13383860.0,106.848,5734306.0,72.62823,3.0
2017-10-31 19:37:23,13382710.0,106.8468,5734382.0,72.62785,3.0
2017-10-31 19:37:24,13383280.0,106.8457,5734458.0,72.62747,3.0
2017-10-31 19:37:25,13383860.0,106.8446,5734534.0,72.62709,1.0
2017-10-31 19:37:26,13384430.0,106.8435,5734609.0,72.62671999999999,1.0
2017-10-31 19:37:27,13385010.0,106.8423,5734685.0,72.62634,1.0
2017-10-31 19:37:28,13384430.0,106.8446,5734761.0,72.62595,1.0
2017-10-31 19:37:29,13383860.0,106.8468,5734837.0,72.62558,1.0
2017-10-31 19:37:30,13383280.0,106.8491,5734913.0,72.6252,1.0
2017-10-31 19:37:31,13382710.0,106.8513,5734988.0,72.62482,1.0
2017-10-31 19:37:32,13383860.0,106.8468,5735140.0,72.62444,1.0
2017-10-31 19:37:33,13385010.0,106.8423,5735292.0,72.62406999999999,1.0
2017-10-31 19:37:34,13384720.0,106.8468,5735443.0,72.62369,1.0
2017-10-31 19:37:35,13384430.0,106.8513,5735594.0,72.62331,1.0
2017-10-31 19:37:36,13384140.0,106.8446,5735746.0,72.62293000000001,1.0
2017-10-31 19:37:37,13383860.0,106.8378,5735897.0,72.62255,1.0
2017-10-31 19:37:38,13383570.0,106.8423,5736049.0,72.62218,1.0
2017-10-31 19:37:39,13383280.0,106.8468,5736200.0,72.6218,1.0
2017-10-31 19:37:40,13382990.0,106.8513,5736352.0,72.62142,1.0
2017-10-31 19:37:41,13382710.0,106.8558,5736503.0,72.62104000000001,1.0
2017-10-31 19:37:42,13386150.0,106.8536,5736655.0,72.62066999999999,1.0
2017-10-31 19:37:43,13389600.0,106.8513,5736958.0,72.62029,1.0
2017-10-31 19:37:44,13388450.0,106.8468,5737261.0,72.61991,1.0
2017-10-31 19:37:45,13387300.0,106.8423,5737564.0,72.61953000000001,1.0
2017-10-31 19:37:46,13386150.0,106.8401,5737867.0,72.61915,1.0
2017-10-31 19:37:47,13385010.0,106.8378,5738170.0,72.61877,1.0
2017-10-31 19:37:48,13384620.0,106.8412,5738473.0,72.61839,1.0
2017-10-31 19:37:49,13384240.0,106.8446,5738776.0,72.61802,1.0
2017-10-31 19:37:50,13383860.0,106.848,5739079.0,72.61764000000001,1.0
2017-10-31 19:37:51,13383470.0,106.8513,5739382.0,72.61726,1.0
2017-10-31 19:37:52,13383090.0,106.8468,5739685.0,72.61688000000001,1.0
2017-10-31 19:37:53,13382710.0,106.8423,5739988.0,72.61650999999999,1.0
2017-10-31 19:37:54,13386150.0,106.8457,5742185.0,72.61613,1.0
2017-10-31 19:37:55,13389600.0,106.8491,5744382.0,72.61575,1.0
2017-10-31 19:37:56,13387880.0,106.8525,5746579.0,72.61537,1.0
2017-10-31 19:37:57,13386150.0,106.8558,5748776.0,72.61499,1.0
2017-10-31 19:37:58,13384430.0,106.8525,5750973.0,72.61462,1.0
2017-10-31 19:37:59,13382710.0,106.8491,5753170.0,72.61423,1.0
2017-10-31 19:38:00,13383860.0,106.8457,5755367.0,72.61386,1.0
2017-10-31 19:38:01,13385010.0,106.8423,5757564.0,72.61348000000001,1.0
2017-10-31 19:38:02,13387300.0,106.8468,5759761.0,72.61310999999999,1.0
2017-10-31 19:38:03,13389600.0,106.8513,5761958.0,72.61272,1.0
2017-10-31 19:38:04,13387300.0,106.8446,5764155.0,72.61234,1.0
2017-10-31 19:38:05,13385010.0,106.8378,5767336.0,72.61197,1.0
2017-10-31 19:38:06,13383860.0,106.8446,5770519.0,72.61159,1.0
2017-10-31 19:38:07,13382710.0,106.8513,5773700.0,72.61121,1.0
2017-10-31 19:38:08,13383860.0,106.8468,5776882.0,72.61083,1.0
2017-10-31 19:38:09,13385010.0,106.8423,5780064.0,72.61046,1.0
2017-10-31 19:38:10,13386150.0,106.8412,5783246.0,72.61008000000001,1.0
2017-10-31 19:38:11,13387300.0,106.8401,5786428.0,72.6097,1.0
2017-10-31 19:38:12,13388450.0,106.839,5789609.0,72.60932,1.0
2017-10-31 19:38:13,13389600.0,106.8378,5792791.0,72.60894,1.0
2017-10-31 19:38:14,13387300.0,106.8446,5795973.0,72.60857,1.0
2017-10-31 19:38:15,13385010.0,106.8513,5799155.0,72.60818,1.0
2017-10-31 19:38:16,13383860.0,106.8446,5802109.0,72.60781,1.0
2017-10-31 19:38:17,13382710.0,106.8378,5805064.0,72.60743000000001,1.0
2017-10-31 19:38:18,13383860.0,106.8401,5808019.0,72.60706,1.0
2017-10-31 19:38:19,13385010.0,106.8423,5810973.0,72.60667,1.0
2017-10-31 19:38:20,13387300.0,106.8468,5813928.0,72.6063,1.0
2017-10-31 19:38:21,13389600.0,106.8513,5816882.0,72.60592,1.0
2017-10-31 19:38:22,13388450.0,106.8547,5819836.0,72.60554,1.0
2017-10-31 19:38:23,13387300.0,106.8581,5822791.0,72.60516,1.0
2017-10-31 19:38:24,13386150.0,106.8615,5825746.0,72.60478,1.0
2017-10-31 19:38:25,13385010.0,106.8648,5828700.0,72.60441,1.0
2017-10-31 19:38:26,13383860.0,106.8716,5831655.0,72.60403000000001,1.0
2017-10-31 19:38:27,13382710.0,106.8783,5834230.0,72.60365,1.0
2017-10-31 19:38:28,13383860.0,106.8693,5836806.0,72.60327,1.0
2017-10-31 19:38:29,13385010.0,106.8603,5839382.0,72.6029,1.0
2017-10-31 19:38:30,13383860.0,106.8626,5841958.0,72.60252,1.0
2017-10-31 19:38:31,13382710.0,106.8648,5844533.0,72.60213,1.0
2017-10-31 19:38:32,13386150.0,106.8513,5847109.0,72.60176,1.0
2017-10-31 19:38:33,13389600.0,106.8378,5849685.0,72.60138,1.0
2017-10-31 19:38:34,13387300.0,106.8491,5852261.0,72.60101,1.0
2017-10-31 19:38:35,13385010.0,106.8603,5854836.0,72.60061999999999,1.0
2017-10-31 19:38:36,13384430.0,106.8491,5857412.0,72.60025,1.0
2017-10-31 19:38:37,13383860.0,106.8378,5859988.0,72.59987,1.0
2017-10-31 19:38:38,13383280.0,106.8468,5861882.0,72.59949,1.0
2017-10-31 19:38:39,13382710.0,106.8558,5863776.0,72.59911,1.0
2017-10-31 19:38:40,13383860.0,106.8491,5865669.0,72.59873,1.0
2017-10-31 19:38:41,13385010.0,106.8423,5867563.0,72.59836,1.0
2017-10-31 19:38:42,13386150.0,106.8401,5869458.0,72.59798,1.0
2017-10-31 19:38:43,13387300.0,106.8378,5871352.0,72.5976,1.0
2017-10-31 19:38:44,13388450.0,106.8367,5873246.0,72.59722,1.0
2017-10-31 19:38:45,13389600.0,106.8356,5875140.0,72.59685,1.0
2017-10-31 19:38:46,13387300.0,106.8345,5877033.0,72.59647,1.0
2017-10-31 19:38:47,13385010.0,106.8333,5878927.0,72.59609,1.0
2017-10-31 19:38:48,13385460.0,106.8423,5880821.0,72.59571,1.0
2017-10-31 19:38:49,13385920.0,106.8513,5882033.0,72.59533,1.0
2017-10-31 19:38:50,13386380.0,106.8446,5883246.0,72.59496,1.0
2017-10-31 19:38:51,13386840.0,106.8378,5884458.0,72.59456999999999,1.0
2017-10-31 19:38:52,13387300.0,106.839,5885670.0,72.5942,1.0
2017-10-31 19:38:53,13387760.0,106.8401,5886882.0,72.59382,1.0
2017-10-31 19:38:54,13388220.0,106.8412,5888094.0,72.59344,1.0
2017-10-31 19:38:55,13388680.0,106.8423,5889306.0,72.59306,1.0
2017-10-31 19:38:56,13389140.0,106.8378,5890519.0,72.59269,1.0
2017-10-31 19:38:57,13389600.0,106.8333,5891730.0,72.59231,1.0
2017-10-31 19:38:58,13386150.0,106.8423,5892943.0,72.59193,1.0
2017-10-31 19:38:59,13382710.0,106.8513,5894155.0,72.59155,1.0
2017-10-31 19:39:00,13383280.0,106.8468,5895443.0,72.59116999999999,1.0
2017-10-31 19:39:01,13383860.0,106.8423,5896730.0,72.5908,1.0
2017-10-31 19:39:02,13384430.0,106.8412,5898019.0,72.59042,1.0
2017-10-31 19:39:03,13385010.0,106.8401,5899306.0,72.59004,1.0
2017-10-31 19:39:04,13385460.0,106.839,5900594.0,72.58966,1.0
2017-10-31 19:39:05,13385920.0,106.8378,5901882.0,72.58929,1.0
2017-10-31 19:39:06,13386380.0,106.839,5903170.0,72.58891,1.0
2017-10-31 19:39:07,13386840.0,106.8401,5904458.0,72.58853,1.0
2017-10-31 19:39:08,13387300.0,106.8412,5905746.0,72.58815,1.0
2017-10-31 19:39:09,13387760.0,106.8423,5907033.0,72.58776999999999,1.0
2017-10-31 19:39:10,13388220.0,106.8438,5908321.0,72.58739,1.0
2017-10-31 19:39:11,13388680.0,106.8453,5909382.0,72.58700999999999,1.0
2017-10-31 19:39:12,13389140.0,106.8468,5910442.0,72.58664,1.0
2017-10-31 19:39:13,13389600.0,106.8483,5911503.0,72.58626,1.0
2017-10-31 19:39:14,13387300.0,106.8498,5912563.0,72.58588,1.0
2017-10-31 19:39:15,13385010.0,106.8513,5913624.0,72.5855,1.0
2017-10-31 19:39:16,13383860.0,106.8536,5914685.0,72.58513,1.0
2017-10-31 19:39:17,13382710.0,106.8558,5915746.0,72.58475,1.0
2017-10-31 19:39:18,13383860.0,106.8547,5916806.0,72.58436999999999,1.0
2017-10-31 19:39:19,13385010.0,106.8536,5917867.0,72.58399,1.0
2017-10-31 19:39:20,13386540.0,106.8525,5918927.0,72.58361,1.0
2017-10-31 19:39:21,13388070.0,106.8513,5919988.0,72.58324,1.0
2017-10-31 19:39:22,13389600.0,106.8446,5920746.0,72.58286,1.0
2017-10-31 19:39:23,13391130.0,106.8378,5921503.0,72.58248,1.0
2017-10-31 19:39:24,13392670.0,106.8401,5922261.0,72.5821,1.0
2017-10-31 19:39:25,13394200.0,106.8423,5923018.0,72.58173000000001,1.0
2017-10-31 19:39:26,13389600.0,106.8457,5923776.0,72.58134,1.0
2017-10-31 19:39:27,13385010.0,106.8491,5924533.0,72.58096,1.0
2017-10-31 19:39:28,13397650.0,106.8525,5925291.0,72.58059,1.0
2017-10-31 19:39:29,13410290.0,106.8558,5926048.0,72.58021,1.0
2017-10-31 19:39:30,13405690.0,106.8536,5926806.0,72.57983,1.0
2017-10-31 19:39:31,13401090.0,106.8513,5927563.0,72.57945,1.0
2017-10-31 19:39:32,13404540.0,106.8468,5928321.0,72.57908,1.0
2017-10-31 19:39:33,13407990.0,106.8423,5929003.0,72.5787,1.0
2017-10-31 19:39:34,13405690.0,106.8491,5929685.0,72.57831999999999,1.0
2017-10-31 19:39:35,13403390.0,106.8558,5930367.0,72.57794,1.0
2017-10-31 19:39:36,13405690.0,106.8626,5931048.0,72.57755999999999,1.0
2017-10-31 19:39:37,13407990.0,106.8693,5931730.0,72.57719,1.0
2017-10-31 19:39:38,13409140.0,106.8761,5932412.0,72.57681,1.0
2017-10-31 19:39:39,13410290.0,106.8828,5933094.0,72.57643,1.0
2017-10-31 19:39:40,13409140.0,106.8626,5933776.0,72.57605,1.0
2017-10-31 19:39:41,13407990.0,106.8423,5934458.0,72.57568,1.0
2017-10-31 19:39:42,13405690.0,106.8468,5935140.0,72.57529,1.0
2017-10-31 19:39:43,13403390.0,106.8513,5935821.0,72.57491999999999,1.0
2017-10-31 19:39:44,13405690.0,106.8468,5936427.0,72.57454,1.0
2017-10-31 19:39:45,13407990.0,106.8423,5937033.0,72.57415999999999,1.0
2017-10-31 19:39:46,13407600.0,106.8412,5937640.0,72.57378,1.0
2017-10-31 19:39:47,13407220.0,106.8401,5938246.0,72.5734,1.0
2017-10-31 19:39:48,13406840.0,106.839,5938852.0,72.57303,1.0
2017-10-31 19:39:49,13406460.0,106.8378,5939458.0,72.57265,1.0
2017-10-31 19:39:50,13406070.0,106.8378,5940063.0,72.57226999999999,1.0
2017-10-31 19:39:51,13405690.0,106.8378,5940669.0,72.57189,1.0
2017-10-31 19:39:52,13406270.0,106.8378,5941276.0,72.57151999999999,1.0
2017-10-31 19:39:53,13406840.0,106.8378,5941882.0,72.57114,1.0
2017-10-31 19:39:54,13407410.0,106.8378,5942488.0,72.57075999999999,1.0
2017-10-31 19:39:55,13407990.0,106.8378,5943246.0,72.57038,1.0
2017-10-31 19:39:56,13409140.0,106.8378,5944003.0,72.57,1.0
2017-10-31 19:39:57,13410290.0,106.8378,5944761.0,72.56963,1.0
2017-10-31 19:39:58,13409140.0,106.8412,5945518.0,72.56924000000001,1.0
2017-10-31 19:39:59,13407990.0,106.8446,5946276.0,72.56886999999999,1.0
2017-10-31 19:40:00,13406840.0,106.848,5947033.0,72.56849,1.0
2017-10-31 19:40:01,13405690.0,106.8513,5947791.0,72.56812,1.0
2017-10-31 19:40:02,13406270.0,106.8446,5948548.0,72.56773000000001,1.0
2017-10-31 19:40:03,13406840.0,106.8378,5949306.0,72.56735,1.0
2017-10-31 19:40:04,13407410.0,106.8401,5950063.0,72.56698,1.0
2017-10-31 19:40:05,13407990.0,106.8423,5950821.0,72.5666,1.0
2017-10-31 19:40:06,13407700.0,106.8401,5951200.0,72.56622,1.0
2017-10-31 19:40:07,13407410.0,106.8378,5951579.0,72.56584000000001,1.0
2017-10-31 19:40:08,13407130.0,106.8446,5951958.0,72.56546999999999,1.0
2017-10-31 19:40:09,13406840.0,106.8513,5952336.0,72.56509,1.0
2017-10-31 19:40:10,13406550.0,106.848,5952715.0,72.56470999999999,1.0
2017-10-31 19:40:11,13406270.0,106.8446,5953094.0,72.56433,1.0
2017-10-31 19:40:12,13405980.0,106.8412,5953473.0,72.56395,1.0
2017-10-31 19:40:13,13405690.0,106.8378,5953852.0,72.56358,1.0
2017-10-31 19:40:14,13406840.0,106.8401,5954230.0,72.56319,1.0
2017-10-31 19:40:15,13407990.0,106.8423,5954609.0,72.56282,1.0
2017-10-31 19:40:16,13409140.0,106.8378,5954988.0,72.56244000000001,1.0
2017-10-31 19:40:17,13410290.0,106.8333,5955291.0,72.56206999999999,1.0
2017-10-31 19:40:18,13407990.0,106.8446,5955594.0,72.56168000000001,1.0
2017-10-31 19:40:19,13405690.0,106.8558,5955897.0,72.56130999999999,1.0
2017-10-31 19:40:20,13406840.0,106.8491,5956200.0,72.56093,1.0
2017-10-31 19:40:21,13407990.0,106.8423,5956503.0,72.56055,1.0
2017-10-31 19:40:22,13408370.0,106.8446,5956806.0,72.56017,1.0
2017-10-31 19:40:23,13408750.0,106.8468,5957109.0,72.55979,1.0
2017-10-31 19:40:24,13409140.0,106.8491,5957412.0,72.55941999999999,1.0
2017-10-31 19:40:25,13409520.0,106.8513,5957715.0,72.55904,1.0
2017-10-31 19:40:26,13409900.0,106.8536,5958018.0,72.55866,1.0
2017-10-31 19:40:27,13410290.0,106.8558,5958321.0,72.55828000000001,1.0
2017-10-31 19:40:28,13412580.0,106.8491,5958776.0,72.55790999999999,1.0
2017-10-31 19:40:29,13414880.0,106.8423,5959230.0,72.55753,1.0
2017-10-31 19:40:30,13418330.0,106.8412,5959685.0,72.55714,1.0
2017-10-31 19:40:31,13421780.0,106.8401,5960140.0,72.55677,1.0
2017-10-31 19:40:32,13427520.0,106.839,5960594.0,72.55639000000001,1.0
2017-10-31 19:40:33,13433270.0,106.8378,5961048.0,72.55601999999999,1.0
2017-10-31 19:40:34,13428670.0,106.8378,5961503.0,72.55563000000001,1.0
2017-10-31 19:40:35,13424080.0,106.8378,5961958.0,72.55526,1.0
2017-10-31 19:40:36,13419480.0,106.8378,5962412.0,72.55488000000001,1.0
2017-10-31 19:40:37,13414880.0,106.8378,5962867.0,72.5545,1.0
2017-10-31 19:40:38,13422930.0,106.8401,5963321.0,72.55412,1.0
2017-10-31 19:40:39,13430970.0,106.8423,5963473.0,72.55374,1.0
2017-10-31 19:40:40,13431550.0,106.8491,5963625.0,72.55337,1.0
2017-10-31 19:40:41,13432120.0,106.8558,5963776.0,72.55299000000001,1.0
2017-10-31 19:40:42,13432690.0,106.8536,5963927.0,72.55261,1.0
2017-10-31 19:40:43,13433270.0,106.8513,5964079.0,72.55223000000001,1.0
2017-10-31 19:40:44,13432690.0,106.8536,5964230.0,72.55185999999999,1.0
2017-10-31 19:40:45,13432120.0,106.8558,5964382.0,72.55148,1.0
2017-10-31 19:40:46,13431550.0,106.8468,5964533.0,72.5511,1.0
2017-10-31 19:40:47,13430970.0,106.8378,5964685.0,72.55072,1.0
2017-10-31 19:40:48,13431550.0,106.8401,5964836.0,72.55034,1.0
2017-10-31 19:40:49,13432120.0,106.8423,5964988.0,72.54996,1.0
2017-10-31 19:40:50,13432690.0,106.8401,5965442.0,72.54958,1.0
2017-10-31 19:40:51,13433270.0,106.8378,5965897.0,72.54921,1.0
2017-10-31 19:40:52,13432690.0,106.8401,5966352.0,72.54883000000001,1.0
2017-10-31 19:40:53,13432120.0,106.8423,5966806.0,72.54845,1.0
2017-10-31 19:40:54,13431550.0,106.8401,5967261.0,72.54807,1.0
2017-10-31 19:40:55,13430970.0,106.8378,5967715.0,72.5477,1.0
2017-10-31 19:40:56,13431350.0,106.839,5968169.0,72.54732,1.0
2017-10-31 19:40:57,13431740.0,106.8401,5968624.0,72.54694,1.0
2017-10-31 19:40:58,13432120.0,106.8412,5969079.0,72.54656,1.0
2017-10-31 19:40:59,13432500.0,106.8423,5969533.0,72.54618,1.0
2017-10-31 19:41:00,13432890.0,106.8446,5969988.0,72.54581,1.0
2017-10-31 19:41:01,13433270.0,106.8468,5970367.0,72.54543000000001,1.0
2017-10-31 19:41:02,13432690.0,106.8491,5970745.0,72.54505,1.0
2017-10-31 19:41:03,13432120.0,106.8513,5971124.0,72.54467,1.0
2017-10-31 19:41:04,13431550.0,106.8468,5971503.0,72.5443,1.0
2017-10-31 19:41:05,13430970.0,106.8423,5971882.0,72.54391,1.0
2017-10-31 19:41:06,13431550.0,106.8435,5972260.0,72.54354000000001,1.0
2017-10-31 19:41:07,13432120.0,106.8446,5972639.0,72.54316,1.0
2017-10-31 19:41:08,13432690.0,106.8457,5973018.0,72.54278000000001,1.0
2017-10-31 19:41:09,13433270.0,106.8468,5973397.0,72.5424,1.0
2017-10-31 19:41:10,13432690.0,106.848,5973775.0,72.54202,1.0
2017-10-31 19:41:11,13432120.0,106.8491,5974154.0,72.54165,1.0
2017-10-31 19:41:12,13431550.0,106.8502,5974458.0,72.54127,1.0
2017-10-31 19:41:13,13430970.0,106.8513,5974760.0,72.54089,1.0
2017-10-31 19:41:14,13430400.0,106.8491,5975063.0,72.54051,1.0
2017-10-31 19:41:15,13429820.0,106.8468,5975367.0,72.54014000000001,1.0
2017-10-31 19:41:16,13429250.0,106.8446,5975669.0,72.53976,1.0
2017-10-31 19:41:17,13428670.0,106.8423,5975973.0,72.53938000000001,1.0
2017-10-31 19:41:18,13433270.0,106.8401,5976275.0,72.539,1.0
2017-10-31 19:41:19,13437860.0,106.8378,5976579.0,72.53862,1.0
2017-10-31 19:41:20,13436720.0,106.839,5976882.0,72.53825,1.0
2017-10-31 19:41:21,13435570.0,106.8401,5977185.0,72.53786,1.0
2017-10-31 19:41:22,13434420.0,106.8412,5977488.0,72.53749,1.0
2017-10-31 19:41:23,13433270.0,106.8423,5977867.0,72.53711,1.0
2017-10-31 19:41:24,13436720.0,106.8412,5978245.0,72.53674000000001,1.0
2017-10-31 19:41:25,13440160.0,106.8401,5978624.0,72.53635,1.0
2017-10-31 19:41:26,13435570.0,106.839,5979003.0,72.53596999999999,1.0
2017-10-31 19:41:27,13430970.0,106.8378,5979382.0,72.5356,1.0
2017-10-31 19:41:28,13432120.0,106.8401,5979760.0,72.53522,1.0
2017-10-31 19:41:29,13433270.0,106.8423,5980139.0,72.53484,1.0
2017-10-31 19:41:30,13432120.0,106.8438,5980518.0,72.53446,1.0
2017-10-31 19:41:31,13430970.0,106.8453,5980897.0,72.53409,1.0
2017-10-31 19:41:32,13431550.0,106.8468,5981275.0,72.53371,1.0
2017-10-31 19:41:33,13432120.0,106.8483,5981654.0,72.53333,1.0
2017-10-31 19:41:34,13432690.0,106.8498,5982109.0,72.53295,1.0
2017-10-31 19:41:35,13433270.0,106.8513,5982563.0,72.53256999999999,1.0
2017-10-31 19:41:36,13442460.0,106.8491,5983018.0,72.5322,1.0
2017-10-31 19:41:37,13451650.0,106.8468,5983473.0,72.53181,1.0
2017-10-31 19:41:38,13445910.0,106.8446,5983927.0,72.53144,1.0
2017-10-31 19:41:39,13440160.0,106.8423,5984381.0,72.53106,1.0
2017-10-31 19:41:40,13447060.0,106.8446,5984836.0,72.53069,1.0
2017-10-31 19:41:41,13453950.0,106.8468,5985291.0,72.5303,1.0
2017-10-31 19:41:42,13448210.0,106.8491,5985745.0,72.52993000000001,1.0
2017-10-31 19:41:43,13442460.0,106.8513,5986200.0,72.52955,1.0
2017-10-31 19:41:44,13442460.0,106.8525,5986654.0,72.52917,1.0
2017-10-31 19:41:45,13442460.0,106.8536,5986806.0,72.52879,1.0
2017-10-31 19:41:46,13442460.0,106.8547,5986958.0,72.52841,1.0
2017-10-31 19:41:47,13442460.0,106.8558,5987109.0,72.52804,1.0
2017-10-31 19:41:48,13447060.0,106.8491,5987260.0,72.52766,1.0
2017-10-31 19:41:49,13451650.0,106.8423,5987412.0,72.52728,1.0
2017-10-31 19:41:50,13452800.0,106.8468,5987563.0,72.5269,1.0
2017-10-31 19:41:51,13453950.0,106.8513,5987715.0,72.52653000000001,1.0
2017-10-31 19:41:52,13454530.0,106.8446,5987867.0,72.52615,1.0
2017-10-31 19:41:53,13455100.0,106.8378,5988018.0,72.52575999999999,1.0
2017-10-31 19:41:54,13455680.0,106.8386,5988170.0,72.52539,1.0
2017-10-31 19:41:55,13456250.0,106.8393,5988321.0,72.52501,1.0
2017-10-31 19:41:56,13455680.0,106.8401,5988700.0,72.52464,1.0
2017-10-31 19:41:57,13455100.0,106.8408,5989079.0,72.52425,1.0
2017-10-31 19:41:58,13454530.0,106.8416,5989458.0,72.52388,1.0
2017-10-31 19:41:59,13453950.0,106.8423,5989836.0,72.5235,1.0
2017-10-31 19:42:00,13455100.0,106.8446,5990215.0,72.52311999999999,1.0
2017-10-31 19:42:01,13456250.0,106.8468,5990594.0,72.52274,1.0
2017-10-31 19:42:02,13455870.0,106.8491,5990973.0,72.52235999999999,1.0
2017-10-31 19:42:03,13455490.0,106.8513,5991352.0,72.52199,1.0
2017-10-31 19:42:04,13455100.0,106.8536,5991730.0,72.52161,1.0
2017-10-31 19:42:05,13454720.0,106.8558,5992109.0,72.52123,1.0
2017-10-31 19:42:06,13454340.0,106.8491,5992488.0,72.52085,1.0
2017-10-31 19:42:07,13453950.0,106.8423,5992791.0,72.52048,1.0
2017-10-31 19:42:08,13454530.0,106.8468,5993094.0,72.5201,1.0
2017-10-31 19:42:09,13455100.0,106.8513,5993397.0,72.51971999999999,1.0
2017-10-31 19:42:10,13455680.0,106.8468,5993700.0,72.51934,1.0
2017-10-31 19:42:11,13456250.0,106.8423,5994003.0,72.51895999999999,1.0
2017-10-31 19:42:12,13455100.0,106.8468,5994306.0,72.51859,1.0
2017-10-31 19:42:13,13453950.0,106.8513,5994609.0,72.5182,1.0
2017-10-31 19:42:14,13452800.0,106.8446,5994912.0,72.51783,1.0
2017-10-31 19:42:15,13451650.0,106.8378,5995215.0,72.51745,1.0
2017-10-31 19:42:16,13452800.0,106.8401,5995518.0,72.51706999999999,1.0
2017-10-31 19:42:17,13453950.0,106.8423,5995821.0,72.51669,1.0
2017-10-31 19:42:18,13454340.0,106.8491,5995821.0,72.51632,1.0
2017-10-31 19:42:19,13454720.0,106.8558,5995821.0,72.51594,1.0
2017-10-31 19:42:20,13455100.0,106.8536,5995821.0,72.51556,1.0
2017-10-31 19:42:21,13455490.0,106.8513,5995821.0,72.51518,1.0
2017-10-31 19:42:22,13455870.0,106.848,5995821.0,72.5148,1.0
2017-10-31 19:42:23,13456250.0,106.8446,5995821.0,72.51443,1.0
2017-10-31 19:42:24,13453950.0,106.8412,5995821.0,72.51405,1.0
2017-10-31 19:42:25,13451650.0,106.8378,5995821.0,72.51366999999999,1.0
2017-10-31 19:42:26,13452800.0,106.8446,5995821.0,72.51329,1.0
2017-10-31 19:42:27,13453950.0,106.8513,5995821.0,72.51292,1.0
2017-10-31 19:42:28,13455100.0,106.8498,5995821.0,72.51254,1.0
2017-10-31 19:42:29,13456250.0,106.8483,5996125.0,72.51215,1.0
2017-10-31 19:42:30,13455680.0,106.8468,5996427.0,72.51178,1.0
2017-10-31 19:42:31,13455100.0,106.8453,5996730.0,72.5114,1.0
2017-10-31 19:42:32,13454530.0,106.8438,5997033.0,72.51102,1.0
2017-10-31 19:42:33,13453950.0,106.8423,5997336.0,72.51064000000001,1.0
2017-10-31 19:42:34,13452800.0,106.8491,5997639.0,72.51026999999999,1.0
2017-10-31 19:42:35,13451650.0,106.8558,5997942.0,72.50989,1.0
2017-10-31 19:42:36,13453950.0,106.8547,5998245.0,72.50950999999999,1.0
2017-10-31 19:42:37,13456250.0,106.8536,5998548.0,72.50913,1.0
2017-10-31 19:42:38,13455100.0,106.8525,5998851.0,72.50876,1.0
2017-10-31 19:42:39,13453950.0,106.8513,5999154.0,72.50838,1.0
2017-10-31 19:42:40,13452800.0,106.8513,5999230.0,72.508,1.0
2017-10-31 19:42:41,13451650.0,106.8513,5999306.0,72.50761999999999,1.0
2017-10-31 19:42:42,13452800.0,106.8525,5999382.0,72.50724,1.0
2017-10-31 19:42:43,13453950.0,106.8536,5999458.0,72.50686999999999,1.0
2017-10-31 19:42:44,13455100.0,106.8547,5999533.0,72.50648000000001,1.0
2017-10-31 19:42:45,13456250.0,106.8558,5999609.0,72.50610999999999,1.0
2017-10-31 19:42:46,13455680.0,106.8491,5999685.0,72.50573,1.0
2017-10-31 19:42:47,13455100.0,106.8423,5999760.0,72.50536,1.0
2017-10-31 19:42:48,13454530.0,106.8423,5999836.0,72.50497,1.0
2017-10-31 19:42:49,13453950.0,106.8423,5999912.0,72.50459000000001,1.0
2017-10-31 19:42:50,13453950.0,106.8423,5999988.0,72.50421999999999,1.0
2017-10-31 19:42:51,13453950.0,106.8423,6000367.0,72.50384,1.0
2017-10-31 19:42:52,13454140.0,106.8491,6000745.0,72.50346,1.0
2017-10-31 19:42:53,13454340.0,106.8558,6001124.0,72.50308000000001,1.0
2017-10-31 19:42:54,13454530.0,106.8536,6001503.0,72.50271,1.0
2017-10-31 19:42:55,13454720.0,106.8513,6001882.0,72.50233,1.0
2017-10-31 19:42:56,13454910.0,106.8525,6002260.0,72.50195,1.0
2017-10-31 19:42:57,13455100.0,106.8536,6002639.0,72.50157,1.0
2017-10-31 19:42:58,13455290.0,106.8547,6003018.0,72.50119000000001,1.0
2017-10-31 19:42:59,13455490.0,106.8558,6003397.0,72.50081999999999,1.0
2017-10-31 19:43:00,13455680.0,106.8536,6003775.0,72.50043000000001,1.0
2017-10-31 19:43:01,13455870.0,106.8513,6004154.0,72.50005999999999,1.0
2017-10-31 19:43:02,13456060.0,106.8468,6004458.0,72.49968,1.0
2017-10-31 19:43:03,13456250.0,106.8423,6004760.0,72.49931,1.0
2017-10-31 19:43:04,13455680.0,106.8401,6005063.0,72.49892,1.0
2017-10-31 19:43:05,13455100.0,106.8378,6005367.0,72.49855,1.0
2017-10-31 19:43:06,13454530.0,106.8446,6005669.0,72.49817,1.0
2017-10-31 19:43:07,13453950.0,106.8513,6005973.0,72.49779000000001,1.0
2017-10-31 19:43:08,13454240.0,106.8468,6006275.0,72.49741,1.0
2017-10-31 19:43:09,13454530.0,106.8423,6006579.0,72.49703000000001,1.0
2017-10-31 19:43:10,13454820.0,106.8491,6006882.0,72.49665999999999,1.0
2017-10-31 19:43:11,13455100.0,106.8558,6007185.0,72.49628,1.0
2017-10-31 19:43:12,13455390.0,106.8536,6007488.0,72.4959,1.0
2017-10-31 19:43:13,13455680.0,106.8513,6007791.0,72.49552,1.0
2017-10-31 19:43:14,13455960.0,106.8468,6008094.0,72.49515,1.0
2017-10-31 19:43:15,13456250.0,106.8423,6008397.0,72.49476999999999,1.0
2017-10-31 19:43:16,13455100.0,106.8468,6008700.0,72.49438,1.0
2017-10-31 19:43:17,13453950.0,106.8513,6009003.0,72.49401,1.0
2017-10-31 19:43:18,13452800.0,106.8356,6009306.0,72.49363000000001,1.0
2017-10-31 19:43:19,13451650.0,106.8198,6009609.0,72.49325999999999,1.0
2017-10-31 19:43:20,13452800.0,106.8378,6009912.0,72.49287,1.0
2017-10-31 19:43:21,13453950.0,106.8558,6010215.0,72.4925,1.0
2017-10-31 19:43:22,13455100.0,106.8536,6010518.0,72.49212,1.0
2017-10-31 19:43:23,13456250.0,106.8513,6010821.0,72.49174000000001,1.0
2017-10-31 19:43:24,13455680.0,106.8491,6010973.0,72.49136,1.0
2017-10-31 19:43:25,13455100.0,106.8468,6011125.0,72.49098000000001,1.0
2017-10-31 19:43:26,13454530.0,106.8446,6011276.0,72.49061,1.0
2017-10-31 19:43:27,13453950.0,106.8423,6011427.0,72.49023000000001,1.0
2017-10-31 19:43:28,13454340.0,106.8468,6011579.0,72.48985,1.0
2017-10-31 19:43:29,13454720.0,106.8513,6011730.0,72.48947,1.0
2017-10-31 19:43:30,13455100.0,106.8468,6011882.0,72.4891,1.0
2017-10-31 19:43:31,13455490.0,106.8423,6012033.0,72.48872,1.0
2017-10-31 19:43:32,13455870.0,106.8468,6012185.0,72.48834000000001,1.0
2017-10-31 19:43:33,13456250.0,106.8513,6012336.0,72.48796,1.0
2017-10-31 19:43:34,13455100.0,106.8468,6012488.0,72.48758000000001,1.0
2017-10-31 19:43:35,13453950.0,106.8423,6012563.0,72.48721,1.0
2017-10-31 19:43:36,13452800.0,106.8468,6012639.0,72.48682,1.0
2017-10-31 19:43:37,13451650.0,106.8513,6012715.0,72.48645,1.0
2017-10-31 19:43:38,13453950.0,106.8536,6012791.0,72.48607,1.0
2017-10-31 19:43:39,13456250.0,106.8558,6012867.0,72.48569,1.0
2017-10-31 19:43:40,13455680.0,106.8536,6012942.0,72.48531,1.0
2017-10-31 19:43:41,13455100.0,106.8513,6013018.0,72.48494000000001,1.0
2017-10-31 19:43:42,13454530.0,106.8513,6013094.0,72.48456,1.0
2017-10-31 19:43:43,13453950.0,106.8513,6013170.0,72.48418000000001,1.0
2017-10-31 19:43:44,13454340.0,106.8525,6013246.0,72.4838,1.0
2017-10-31 19:43:45,13454720.0,106.8536,6013321.0,72.48342,1.0
2017-10-31 19:43:46,13455100.0,106.8547,6013700.0,72.48305,1.0
2017-10-31 19:43:47,13455490.0,106.8558,6014079.0,72.48267,1.0
2017-10-31 19:43:48,13455870.0,106.8491,6014458.0,72.48229,1.0
2017-10-31 19:43:49,13456250.0,106.8423,6014836.0,72.48191,1.0
2017-10-31 19:43:50,13455100.0,106.8311,6015215.0,72.48154,1.0
2017-10-31 19:43:51,13453950.0,106.8198,6015594.0,72.48116,1.0
2017-10-31 19:43:52,13452800.0,106.8356,6015973.0,72.48076999999999,1.0
2017-10-31 19:43:53,13451650.0,106.8513,6016352.0,72.4804,1.0
2017-10-31 19:43:54,13453950.0,106.8536,6016730.0,72.48002,1.0
2017-10-31 19:43:55,13456250.0,106.8558,6017109.0,72.47964,1.0
2017-10-31 19:43:56,13455870.0,106.8547,6017488.0,72.47926,1.0
2017-10-31 19:43:57,13455490.0,106.8536,6017867.0,72.47889,1.0
2017-10-31 19:43:58,13455100.0,106.8525,6018245.0,72.47851,1.0
2017-10-31 19:43:59,13454720.0,106.8513,6018624.0,72.47813000000001,1.0
2017-10-31 19:44:00,13454340.0,106.8513,6019003.0,72.47775,1.0
2017-10-31 19:44:01,13453950.0,106.8513,6019382.0,72.47737,1.0
2017-10-31 19:44:02,13455100.0,106.8536,6019760.0,72.477,1.0
2017-10-31 19:44:03,13456250.0,106.8558,6020139.0,72.47662,1.0
2017-10-31 19:44:04,13455960.0,106.8491,6020518.0,72.47624,1.0
2017-10-31 19:44:05,13455680.0,106.8423,6020897.0,72.47586,1.0
2017-10-31 19:44:06,13455390.0,106.8457,6021275.0,72.47549000000001,1.0
2017-10-31 19:44:07,13455100.0,106.8491,6021654.0,72.47511,1.0
2017-10-31 19:44:08,13454820.0,106.8525,6021958.0,72.47473000000001,1.0
2017-10-31 19:44:09,13454530.0,106.8558,6022260.0,72.47435,1.0
2017-10-31 19:44:10,13454240.0,106.8491,6022563.0,72.47397,1.0
2017-10-31 19:44:11,13453950.0,106.8423,6022867.0,72.47359,1.0
2017-10-31 19:44:12,13455100.0,106.8412,6023169.0,72.47321,1.0
2017-10-31 19:44:13,13456250.0,106.8401,6023473.0,72.47284,1.0
2017-10-31 19:44:14,13455680.0,106.839,6023775.0,72.47246,1.0
2017-10-31 19:44:15,13455100.0,106.8378,6024079.0,72.47208,1.0
2017-10-31 19:44:16,13454530.0,106.8446,6024382.0,72.4717,1.0
2017-10-31 19:44:17,13453950.0,106.8513,6024685.0,72.47133000000001,1.0
2017-10-31 19:44:18,13452800.0,106.8468,6024988.0,72.47095,1.0
2017-10-31 19:44:19,13451650.0,106.8423,6025291.0,72.47057,1.0
2017-10-31 19:44:20,13452800.0,106.8378,6025594.0,72.47019,1.0
2017-10-31 19:44:21,13453950.0,106.8333,6025897.0,72.46981,1.0
2017-10-31 19:44:22,13455100.0,106.839,6026200.0,72.46944,1.0
2017-10-31 19:44:23,13456250.0,106.8446,6026503.0,72.46906,1.0
2017-10-31 19:44:24,13455680.0,106.8502,6026806.0,72.46868,1.0
2017-10-31 19:44:25,13455100.0,106.8558,6027109.0,72.4683,1.0
2017-10-31 19:44:26,13454530.0,106.8536,6027412.0,72.46793000000001,1.0
2017-10-31 19:44:27,13453950.0,106.8513,6027715.0,72.46754,1.0
2017-10-31 19:44:28,13452800.0,106.8491,6028018.0,72.46717,1.0
2017-10-31 19:44:29,13451650.0,106.8468,6028321.0,72.46679,1.0
2017-10-31 19:44:30,13452800.0,106.8446,6028170.0,72.46641,1.0
2017-10-31 19:44:31,13453950.0,106.8423,6028018.0,72.46603,1.0
2017-10-31 19:44:32,13454530.0,106.8401,6027867.0,72.46565,1.0
2017-10-31 19:44:33,13455100.0,106.8378,6027715.0,72.46528,1.0
2017-10-31 19:44:34,13455680.0,106.8401,6027563.0,72.4649,1.0
2017-10-31 19:44:35,13456250.0,106.8423,6027412.0,72.46452,1.0
2017-10-31 19:44:36,13455680.0,106.8468,6027260.0,72.46414,1.0
2017-10-31 19:44:37,13455100.0,106.8513,6027109.0,72.46377,1.0
2017-10-31 19:44:38,13454530.0,106.8468,6026958.0,72.46339,1.0
2017-10-31 19:44:39,13453950.0,106.8423,6026806.0,72.46301,1.0
2017-10-31 19:44:40,13454530.0,106.8468,6026654.0,72.46263,1.0
2017-10-31 19:44:41,13455100.0,106.8513,6027185.0,72.46225,1.0
2017-10-31 19:44:42,13455680.0,106.8446,6027715.0,72.46188000000001,1.0
2017-10-31 19:44:43,13456250.0,106.8378,6028245.0,72.46149,1.0
2017-10-31 19:44:44,13458550.0,106.8446,6028775.0,72.46112,1.0
2017-10-31 19:44:45,13460850.0,106.8513,6029306.0,72.46074,1.0
2017-10-31 19:44:46,13458550.0,106.8423,6029836.0,72.46037,1.0
2017-10-31 19:44:47,13456250.0,106.8333,6030367.0,72.45998,1.0
2017-10-31 19:44:48,13453950.0,106.8356,6030897.0,72.4596,1.0
2017-10-31 19:44:49,13451650.0,106.8378,6031427.0,72.45923,1.0
2017-10-31 19:44:50,13452800.0,106.8401,6031958.0,72.45885,1.0
2017-10-31 19:44:51,13453950.0,106.8423,6032488.0,72.45846999999999,1.0
2017-10-31 19:44:52,13455100.0,106.8243,6032639.0,72.45809,1.0
2017-10-31 19:44:53,13456250.0,106.8063,6032791.0,72.45772,1.0
2017-10-31 19:44:54,13455870.0,106.8097,6032942.0,72.45734,1.0
2017-10-31 19:44:55,13455490.0,106.8131,6033094.0,72.45696,1.0
2017-10-31 19:44:56,13455100.0,106.8165,6033245.0,72.45658,1.0
2017-10-31 19:44:57,13454720.0,106.8198,6033397.0,72.4562,1.0
2017-10-31 19:44:58,13454340.0,106.8153,6033548.0,72.45583,1.0
2017-10-31 19:44:59,13453950.0,106.8108,6033700.0,72.45544,1.0
2017-10-31 19:45:00,13455100.0,106.8075,6033851.0,72.45506999999999,1.0
2017-10-31 19:45:01,13456250.0,106.8041,6034003.0,72.45469,1.0
2017-10-31 19:45:02,13455100.0,106.8007,6034154.0,72.45432,1.0
2017-10-31 19:45:03,13453950.0,106.7973,6034533.0,72.45393,1.0
2017-10-31 19:45:04,13454340.0,106.8041,6034912.0,72.45356,1.0
2017-10-31 19:45:05,13454720.0,106.8108,6035291.0,72.45318,1.0
2017-10-31 19:45:06,13455100.0,106.8063,6035669.0,72.4528,1.0
2017-10-31 19:45:07,13455490.0,106.8018,6036048.0,72.45241999999999,1.0
2017-10-31 19:45:08,13455870.0,106.7973,6036427.0,72.45204,1.0
2017-10-31 19:45:09,13456250.0,106.7928,6036806.0,72.45167,1.0
2017-10-31 19:45:10,13455100.0,106.7951,6037185.0,72.45129,1.0
2017-10-31 19:45:11,13453950.0,106.7973,6037563.0,72.45091,1.0
2017-10-31 19:45:12,13454530.0,106.7962,6037942.0,72.45053,1.0
2017-10-31 19:45:13,13455100.0,106.7951,6038321.0,72.45016,1.0
2017-10-31 19:45:14,13455680.0,106.794,6038548.0,72.44978,1.0
2017-10-31 19:45:15,13456250.0,106.7928,6038776.0,72.44939000000001,1.0
2017-10-31 19:45:16,13455960.0,106.7951,6039003.0,72.44901999999999,1.0
2017-10-31 19:45:17,13455680.0,106.7973,6039230.0,72.44864,1.0
2017-10-31 19:45:18,13455390.0,106.7996,6039458.0,72.44827,1.0
2017-10-31 19:45:19,13455100.0,106.8018,6039685.0,72.44788,1.0
2017-10-31 19:45:20,13454820.0,106.8041,6039912.0,72.44751,1.0
2017-10-31 19:45:21,13454530.0,106.8063,6040140.0,72.44713,1.0
2017-10-31 19:45:22,13454240.0,106.8063,6040367.0,72.44675,1.0
2017-10-31 19:45:23,13453950.0,106.8063,6040594.0,72.44637,1.0
2017-10-31 19:45:24,13455100.0,106.8018,6040821.0,72.44599000000001,1.0
2017-10-31 19:45:25,13456250.0,106.7973,6041048.0,72.44561999999999,1.0
2017-10-31 19:45:26,13455870.0,106.7962,6041276.0,72.44524,1.0
2017-10-31 19:45:27,13455490.0,106.7951,6041503.0,72.44485999999999,1.0
2017-10-31 19:45:28,13455100.0,106.794,6041730.0,72.44448,1.0
2017-10-31 19:45:29,13454720.0,106.7928,6041958.0,72.44411,1.0
2017-10-31 19:45:30,13454340.0,106.7951,6042185.0,72.44373,1.0
2017-10-31 19:45:31,13453950.0,106.7973,6042412.0,72.44335,1.0
2017-10-31 19:45:32,13454530.0,106.7962,6042640.0,72.44296999999999,1.0
2017-10-31 19:45:33,13455100.0,106.7951,6042867.0,72.44259,1.0
2017-10-31 19:45:34,13455680.0,106.794,6043094.0,72.44221,1.0
2017-10-31 19:45:35,13456250.0,106.7928,6043321.0,72.44183000000001,1.0
2017-10-31 19:45:36,13455680.0,106.7996,6043625.0,72.44145999999999,1.0
2017-10-31 19:45:37,13455100.0,106.8063,6043927.0,72.44108,1.0
2017-10-31 19:45:38,13454530.0,106.8075,6044230.0,72.4407,1.0
2017-10-31 19:45:39,13453950.0,106.8086,6044533.0,72.44032,1.0
2017-10-31 19:45:40,13454340.0,106.8097,6044836.0,72.43995,1.0
2017-10-31 19:45:41,13454720.0,106.8108,6045139.0,72.43956999999999,1.0
2017-10-31 19:45:42,13455100.0,106.8075,6045442.0,72.43919,1.0
2017-10-31 19:45:43,13455490.0,106.8041,6045745.0,72.43881,1.0
2017-10-31 19:45:44,13455870.0,106.8007,6046048.0,72.43843000000001,1.0
2017-10-31 19:45:45,13456250.0,106.7973,6046351.0,72.43806,1.0
2017-10-31 19:45:46,13458550.0,106.8018,6046654.0,72.43768,1.0
2017-10-31 19:45:47,13460850.0,106.8063,6046881.0,72.4373,1.0
2017-10-31 19:45:48,13457400.0,106.7996,6047109.0,72.43692,1.0
2017-10-31 19:45:49,13453950.0,106.7928,6047336.0,72.43655,1.0
2017-10-31 19:45:50,13452800.0,106.7951,6047563.0,72.43616,1.0
2017-10-31 19:45:51,13451650.0,106.7973,6047791.0,72.43578000000001,3.0
2017-10-31 19:45:52,13452800.0,106.7962,6048018.0,72.43541,3.0
2017-10-31 19:45:53,13453950.0,106.7951,6048245.0,72.43503,3.0
2017-10-31 19:45:54,13455100.0,106.794,6048473.0,72.43465,3.0
2017-10-31 19:45:55,13456250.0,106.7928,6048700.0,72.43427,3.0
2017-10-31 19:45:56,13464290.0,106.7951,6048927.0,72.4339,3.0
2017-10-31 19:45:57,13472340.0,106.7973,6049154.0,72.43352,3.0
2017-10-31 19:45:58,13470040.0,106.7951,6049381.0,72.43314000000001,3.0
2017-10-31 19:45:59,13467740.0,106.7928,6049609.0,72.43276,3.0
2017-10-31 19:46:00,13459700.0,106.7996,6049836.0,72.43238000000001,3.0
2017-10-31 19:46:01,13451650.0,106.8063,6050063.0,72.43200999999999,3.0
2017-10-31 19:46:02,13463150.0,106.8086,6050291.0,72.43163,3.0
2017-10-31 19:46:03,13474640.0,106.8108,6050518.0,72.43125,3.0
2017-10-31 19:46:04,13465440.0,106.8041,6050745.0,72.43087,3.0
2017-10-31 19:46:05,13456250.0,106.7973,6050973.0,72.4305,2.0
2017-10-31 19:46:06,13455680.0,106.7982,6051200.0,72.43011,2.0
2017-10-31 19:46:07,13455100.0,106.7991,6051427.0,72.42974,2.0
2017-10-31 19:46:08,13454530.0,106.8,6051654.0,72.42936,2.0
2017-10-31 19:46:09,13453950.0,106.8009,6051881.0,72.42899,2.0
2017-10-31 19:46:10,13458550.0,106.8018,6052109.0,72.4286,2.0
2017-10-31 19:46:11,13463150.0,106.8027,6052336.0,72.42822,2.0
2017-10-31 19:46:12,13459700.0,106.8036,6052563.0,72.42785,2.0
2017-10-31 19:46:13,13456250.0,106.8045,6052791.0,72.42747,2.0
2017-10-31 19:46:14,13455100.0,106.8054,6053018.0,72.42709,2.0
2017-10-31 19:46:15,13453950.0,106.8063,6053245.0,72.42671,2.0
2017-10-31 19:46:16,13454340.0,106.7973,6053473.0,72.42634,2.0
2017-10-31 19:46:17,13454720.0,106.7883,6053700.0,72.42596,2.0
2017-10-31 19:46:18,13455100.0,106.7895,6053927.0,72.42558000000001,2.0
2017-10-31 19:46:19,13455490.0,106.7906,6054154.0,72.4252,2.0
2017-10-31 19:46:20,13455870.0,106.7917,6054230.0,72.42482,2.0
2017-10-31 19:46:21,13456250.0,106.7928,6054306.0,72.42445,2.0
2017-10-31 19:46:22,13457970.0,106.7996,6054382.0,72.42406,2.0
2017-10-31 19:46:23,13459700.0,106.8063,6054458.0,72.42369000000001,2.0
2017-10-31 19:46:24,13461420.0,106.8086,6054533.0,72.42331,2.0
2017-10-31 19:46:25,13463150.0,106.8108,6054609.0,72.42294,2.0
2017-10-31 19:46:26,13462000.0,106.8041,6054685.0,72.42255,2.0
2017-10-31 19:46:27,13460850.0,106.7973,6054760.0,72.42218000000001,2.0
2017-10-31 19:46:28,13461420.0,106.7996,6054836.0,72.4218,2.0
2017-10-31 19:46:29,13462000.0,106.8018,6054912.0,72.42142,2.0
2017-10-31 19:46:30,13462570.0,106.8041,6054988.0,72.42104,2.0
2017-10-31 19:46:31,13463150.0,106.8063,6054685.0,72.42066,2.0
2017-10-31 19:46:32,13458550.0,106.8086,6054382.0,72.42029000000001,2.0
2017-10-31 19:46:33,13453950.0,106.8108,6054079.0,72.41991,2.0
2017-10-31 19:46:34,13455100.0,106.8018,6053775.0,72.41953000000001,2.0
2017-10-31 19:46:35,13456250.0,106.7928,6053473.0,72.41915,2.0
2017-10-31 19:46:36,13457970.0,106.7996,6053169.0,72.41878,2.0
2017-10-31 19:46:37,13459700.0,106.8063,6052867.0,72.4184,2.0
2017-10-31 19:46:38,13461420.0,106.7996,6052563.0,72.41801,2.0
2017-10-31 19:46:39,13463150.0,106.7928,6052260.0,72.41764,2.0
2017-10-31 19:46:40,13458550.0,106.7996,6051958.0,72.41726,2.0
2017-10-31 19:46:41,13453950.0,106.8063,6051654.0,72.41689000000001,2.0
2017-10-31 19:46:42,13454530.0,106.7996,6051806.0,72.4165,2.0
2017-10-31 19:46:43,13455100.0,106.7928,6051958.0,72.41613000000001,2.0
2017-10-31 19:46:44,13455680.0,106.7951,6052109.0,72.41575,2.0
2017-10-31 19:46:45,13456250.0,106.7973,6052260.0,72.41537,2.0
2017-10-31 19:46:46,13455680.0,106.8018,6052412.0,72.41499,2.0
2017-10-31 19:46:47,13455100.0,106.8063,6052563.0,72.41461,2.0
2017-10-31 19:46:48,13454530.0,106.8086,6052715.0,72.41424,2.0
2017-10-31 19:46:49,13453950.0,106.8108,6052867.0,72.41386,2.0
2017-10-31 19:46:50,13455680.0,106.8075,6053018.0,72.41348,2.0
2017-10-31 19:46:51,13457400.0,106.8041,6053170.0,72.4131,2.0
2017-10-31 19:46:52,13459120.0,106.8007,6053321.0,72.41273000000001,2.0
2017-10-31 19:46:53,13460850.0,106.7973,6053548.0,72.41235,2.0
2017-10-31 19:46:54,13458550.0,106.7962,6053776.0,72.41197,2.0
2017-10-31 19:46:55,13456250.0,106.7951,6054003.0,72.41159,2.0
2017-10-31 19:46:56,13455100.0,106.794,6054230.0,72.41121,2.0
2017-10-31 19:46:57,13453950.0,106.7928,6054458.0,72.41084000000001,2.0
2017-10-31 19:46:58,13454340.0,106.8018,6054685.0,72.41045,2.0
2017-10-31 19:46:59,13454720.0,106.8108,6054912.0,72.41008000000001,2.0
2017-10-31 19:47:00,13455100.0,106.8041,6055140.0,72.4097,2.0
2017-10-31 19:47:01,13455490.0,106.7973,6055367.0,72.40932,2.0
2017-10-31 19:47:02,13455870.0,106.8018,6055594.0,72.40894,2.0
2017-10-31 19:47:03,13456250.0,106.8063,6055821.0,72.40857,2.0
2017-10-31 19:47:04,13455100.0,106.7996,6055670.0,72.40819,2.0
2017-10-31 19:47:05,13453950.0,106.7928,6055518.0,72.40781,2.0
2017-10-31 19:47:06,13454530.0,106.7951,6055367.0,72.40743,2.0
2017-10-31 19:47:07,13455100.0,106.7973,6055215.0,72.40705,2.0
2017-10-31 19:47:08,13455680.0,106.7906,6055063.0,72.40668000000001,2.0
2017-10-31 19:47:09,13456250.0,106.7838,6054912.0,72.4063,2.0
2017-10-31 19:47:10,13455100.0,106.7906,6054760.0,72.40592,2.0
2017-10-31 19:47:11,13453950.0,106.7973,6054609.0,72.40554,2.0
2017-10-31 19:47:12,13455100.0,106.7951,6054458.0,72.40517,2.0
2017-10-31 19:47:13,13456250.0,106.7928,6054306.0,72.40479,2.0
2017-10-31 19:47:14,13455100.0,106.7951,6054154.0,72.4044,2.0
2017-10-31 19:47:15,13453950.0,106.7973,6054079.0,72.40403,2.0
2017-10-31 19:47:16,13460850.0,106.7973,6054003.0,72.40365,2.0
2017-10-31 19:47:17,13467740.0,106.7973,6053927.0,72.40326999999999,2.0
2017-10-31 19:47:18,13464870.0,106.7962,6053852.0,72.40289,2.0
2017-10-31 19:47:19,13462000.0,106.7951,6053776.0,72.40252,2.0
2017-10-31 19:47:20,13459120.0,106.794,6053700.0,72.40214,2.0
2017-10-31 19:47:21,13456250.0,106.7928,6053624.0,72.40176,2.0
2017-10-31 19:47:22,13455680.0,106.7838,6053548.0,72.40138,2.0
2017-10-31 19:47:23,13455100.0,106.7748,6053473.0,72.401,2.0
2017-10-31 19:47:24,13454530.0,106.7748,6053397.0,72.40063,2.0
2017-10-31 19:47:25,13453950.0,106.7748,6053321.0,72.40025,2.0
2017-10-31 19:47:26,13455100.0,106.7838,6053170.0,72.39986999999999,2.0
2017-10-31 19:47:27,13456250.0,106.7928,6053018.0,72.39949,2.0
2017-10-31 19:47:28,13455100.0,106.794,6052867.0,72.39912,2.0
2017-10-31 19:47:29,13453950.0,106.7951,6052715.0,72.39874,2.0
2017-10-31 19:47:30,13452800.0,106.7962,6052563.0,72.39836,2.0
2017-10-31 19:47:31,13451650.0,106.7973,6052412.0,72.39798,2.0
2017-10-31 19:47:32,13452800.0,106.7951,6052260.0,72.3976,2.0
2017-10-31 19:47:33,13453950.0,106.7928,6052109.0,72.39721999999999,2.0
2017-10-31 19:47:34,13455100.0,106.7838,6051958.0,72.39684,2.0
2017-10-31 19:47:35,13456250.0,106.7748,6051806.0,72.39647,2.0
2017-10-31 19:47:36,13456250.0,106.7838,6051654.0,72.39609,2.0
2017-10-31 19:47:37,13456250.0,106.7928,6051806.0,72.39571,2.0
2017-10-31 19:47:38,13455100.0,106.7838,6051958.0,72.39533,2.0
2017-10-31 19:47:39,13453950.0,106.7748,6052109.0,72.39496,2.0
2017-10-31 19:47:40,13454340.0,106.7726,6052260.0,72.39458,2.0
2017-10-31 19:47:41,13454720.0,106.7703,6052412.0,72.3942,2.0
2017-10-31 19:47:42,13455100.0,106.7681,6052563.0,72.39381999999999,2.0
2017-10-31 19:47:43,13455490.0,106.7658,6052715.0,72.39344,2.0
2017-10-31 19:47:44,13455870.0,106.7793,6052867.0,72.39307,2.0
2017-10-31 19:47:45,13456250.0,106.7928,6053018.0,72.39268,2.0
2017-10-31 19:47:46,13459700.0,106.7793,6053170.0,72.39231,2.0
2017-10-31 19:47:47,13463150.0,106.7658,6053321.0,72.39193,2.0
2017-10-31 19:47:48,13458550.0,106.7703,6053397.0,72.39156,2.0
2017-10-31 19:47:49,13453950.0,106.7748,6053473.0,72.39116999999999,2.0
2017-10-31 19:47:50,13454340.0,106.7613,6053548.0,72.39079,2.0
2017-10-31 19:47:51,13454720.0,106.7478,6053624.0,72.39041999999999,2.0
2017-10-31 19:47:52,13455100.0,106.758,6053700.0,72.39004,2.0
2017-10-31 19:47:53,13455490.0,106.7681,6053776.0,72.38965999999999,2.0
2017-10-31 19:47:54,13455870.0,106.7782,6053852.0,72.38928,2.0
2017-10-31 19:47:55,13456250.0,106.7883,6053927.0,72.38891,2.0
2017-10-31 19:47:56,13453950.0,106.7703,6054003.0,72.38853,2.0
2017-10-31 19:47:57,13451650.0,106.7523,6054079.0,72.38815,2.0
2017-10-31 19:47:58,13452800.0,106.7523,6054154.0,72.38776999999999,2.0
2017-10-31 19:47:59,13453950.0,106.7523,6054079.0,72.3874,2.0
2017-10-31 19:48:00,13455100.0,106.7591,6054003.0,72.38701999999999,2.0
2017-10-31 19:48:01,13456250.0,106.7658,6053927.0,72.38663000000001,2.0
2017-10-31 19:48:02,13455100.0,106.7681,6053852.0,72.38626,2.0
2017-10-31 19:48:03,13453950.0,106.7703,6053776.0,72.38588,2.0
2017-10-31 19:48:04,13454530.0,106.7692,6053700.0,72.38551,2.0
2017-10-31 19:48:05,13455100.0,106.7681,6053624.0,72.38512,2.0
2017-10-31 19:48:06,13455680.0,106.767,6053548.0,72.38475,2.0
2017-10-31 19:48:07,13456250.0,106.7658,6053473.0,72.38436999999999,2.0
2017-10-31 19:48:08,13458550.0,106.7636,6053397.0,72.384,2.0
2017-10-31 19:48:09,13460850.0,106.7613,6053321.0,72.38361,2.0
2017-10-31 19:48:10,13457400.0,106.7591,6053094.0,72.38323000000001,2.0
2017-10-31 19:48:11,13453950.0,106.7568,6052867.0,72.38286,2.0
2017-10-31 19:48:12,13452800.0,106.7546,6052640.0,72.38248,2.0
2017-10-31 19:48:13,13451650.0,106.7523,6052412.0,72.3821,2.0
2017-10-31 19:48:14,13452800.0,106.7591,6052185.0,72.38172,2.0
2017-10-31 19:48:15,13453950.0,106.7658,6051958.0,72.38135,2.0
2017-10-31 19:48:16,13455100.0,106.7568,6051730.0,72.38096999999999,2.0
2017-10-31 19:48:17,13456250.0,106.7478,6051503.0,72.38059,2.0
2017-10-31 19:48:18,13455100.0,106.7546,6051276.0,72.38020999999999,2.0
2017-10-31 19:48:19,13453950.0,106.7613,6051048.0,72.37983,2.0
2017-10-31 19:48:20,13452800.0,106.7636,6050821.0,72.37946,2.0
2017-10-31 19:48:21,13451650.0,106.7658,6050746.0,72.37907,2.0
2017-10-31 19:48:22,13452800.0,106.7636,6050670.0,72.3787,2.0
2017-10-31 19:48:23,13453950.0,106.7613,6050594.0,72.37832,2.0
